0,1,2,3,4,5,6,7,8,9,10,11,12,13,14,15,16,17,18,19,20,21,22,23,24,25,26,27,28,29,30,31,32,33,34,35,36,37,38,39,40,41,42,43,44,45,46,47,48,49,50,51,52,53,54,55,56,57,58,59,60,61,62,63,64,65,66,67,68,69,70,71,72,73,74,75,76,77,78,79,80,81,82,83,84,85,86,87,88,89,90,91,92,93,94,95,96,97,98,99
-0.6922229843191988,-0.6922229843191987,-0.6922229843191987,-0.6922229843191987,-0.6922229843191986,-0.6922229843191988,-0.6922229843191986,-0.6922229843191987,-0.6922229843191986,-0.6922229843191986,-0.6922229843191987,-0.6922229843191987,-0.6922229843191987,-0.6922229843191988,-0.6922229843191987,-0.6922229843191988,-0.6922229843191987,-0.6922229843191987,-0.6922229843191987,-0.6922229843191988,-0.6922229843191985,-0.6922229843191986,-0.6922229843191987,-0.6922229843191986,-0.6922229843191987,-0.6922229843191987,-0.6922229843191987,-0.6922229843191988,-0.6922229843191987,-0.6922229843191987,-0.6922229843191987,-0.6922229843191987,-0.6922229843191986,-0.6922229843191987,-0.6922229843191987,-0.6922229843191987,-0.6922229843191988,-0.6922229843191986,-0.6922229843191986,-0.6922229843191987,-0.6922229843191986,-0.6922229843191987,-0.6922229843191988,-0.693026427497534,-0.6931284402392079,-0.6931421292816532,-0.6931452197303977,-0.6931471805599453,-0.6931449582718748,-0.6931458885573409,-0.6931426203740476,-0.6931450707989606,-0.6931457056144397,-0.6931471805599455,-0.6931471805599454,-0.6931463079556097,-0.6931471805599454,-0.6931442389763149,-0.6931471805599454,-0.6931449559425444,-0.6929146982401061,-0.6929148583231987,-0.6931454283996026,-0.6931464590569704,-0.6929141288063606,-0.6931465516276352,-0.69291533404855,-0.692915507278574,-0.6922710397063615,-0.6922050891519272,-0.6922848608716444,-0.692463278706083,-0.6931471805599453,-0.6924442349214746,-0.6926839653512034,-0.6930106009343479,-0.692370152864535,-0.6929589966058606,-0.6918150395878211,-0.6919126804665816,-0.6923267313670516,-0.6918859479824202,-0.6921924019299885,-0.692611602371982,-0.6909091677445668,-0.6928206612467938,-0.6908187012335218,-0.6921410465512873,-0.6862911890064772,-0.691745442017223,-0.6922695649528694,-0.6910910834962096,-0.6915395718039302,-0.6893187816683853,-0.6915857726751898,-0.6888682283182214,-0.6885431165316928,-0.6857096755974766,-0.6876189822159153,-0.6924814233286373
-0.6922229843191987,-0.6922229843191987,-0.6922229843191987,-0.6922229843191987,-0.6922229843191987,-0.6922229843191986,-0.6922229843191986,-0.6922229843191986,-0.6922229843191987,-0.6922229843191987,-0.6922229843191987,-0.6922229843191987,-0.6922229843191987,-0.6922229843191988,-0.6922229843191987,-0.6922229843191986,-0.6922229843191987,-0.6922229843191987,-0.6922229843191987,-0.6922229843191988,-0.6922229843191987,-0.6922229843191987,-0.6922229843191988,-0.6922229843191987,-0.6922229843191987,-0.6922229843191987,-0.6922229843191987,-0.6922229843191987,-0.6922229843191988,-0.6922229843191987,-0.6922229843191986,-0.6922229843191988,-0.6922229843191987,-0.6922229843191988,-0.6922229843191987,-0.6922229843191987,-0.6922229843191987,-0.6922229843191987,-0.6922229843191988,-0.6922229843191988,-0.6922229843191988,-0.6922229843191987,-0.6922229843191987,-0.6931334219115476,-0.6931471805599453,-0.6931371069043393,-0.6931444481971156,-0.6931471805599453,-0.6931458472123893,-0.6931471805599452,-0.6931400989464637,-0.6931471805599454,-0.6931460912275708,-0.6931471805599454,-0.6931462389353502,-0.6931471805599454,-0.693144684340645,-0.6931471805599453,-0.693146316998223,-0.6929145032388873,-0.6931462281738099,-0.692911078147553,-0.6931463169982228,-0.6924436713407919,-0.6926779077533953,-0.6931465700579695,-0.6929672465819735,-0.6929122867711296,-0.6929674864839548,-0.6924457559648829,-0.6923021918164598,-0.6918221099192245,-0.6922032453299861,-0.6926834827435916,-0.6927941249079029,-0.6925453703281806,-0.6918916310088474,-0.6921925511656085,-0.6898737563223001,-0.6908041334996208,-0.6921646746951429,-0.6911010887640759,-0.6889153441382089,-0.6896221770380992,-0.6914562113956442,-0.6912074582430761,-0.692680167796618,-0.688357005701248,-0.6918889735173395,-0.6908360912882499,-0.690610495025974,-0.689770063433762,-0.6894516629768277,-0.6914850550828618,-0.6914420957683074,-0.6903069635200906,-0.6907636940373192,-0.692225183150679,-0.6859342978930821,-0.6841650265770421
-0.6922229843191987,-0.6922229843191987,-0.6922229843191987,-0.6922229843191987,-0.6922229843191987,-0.6922229843191986,-0.6922229843191986,-0.6922229843191987,-0.6922229843191987,-0.6922229843191987,-0.6922229843191987,-0.6922229843191987,-0.6922229843191986,-0.6922229843191988,-0.6922229843191987,-0.6922229843191987,-0.6922229843191987,-0.6922229843191987,-0.6922229843191986,-0.6922229843191988,-0.6922229843191985,-0.6922229843191986,-0.6922229843191988,-0.6922229843191987,-0.6922229843191988,-0.6922229843191988,-0.6922229843191987,-0.6922229843191987,-0.6922229843191988,-0.6922229843191987,-0.6922229843191987,-0.6922229843191987,-0.6922229843191987,-0.6922229843191986,-0.6922229843191987,-0.6922229843191987,-0.6922229843191987,-0.6922229843191987,-0.6922229843191987,-0.6922229843191987,-0.6922229843191987,-0.6922229843191986,-0.6922229843191987,-0.6931189539390494,-0.6931446163562236,-0.6931471805599452,-0.6931471805599454,-0.6931461580586434,-0.6931451228945047,-0.6931461825499889,-0.6931453078613644,-0.6931471805599453,-0.6931460767991178,-0.6931471805599454,-0.6931471805599452,-0.6931463595385623,-0.6931471805599452,-0.693144559128878,-0.6929145441561776,-0.6931463675485909,-0.6931471805599454,-0.6931445665457625,-0.6926815430536397,-0.6931437788512734,-0.6931471805599454,-0.693143245826876,-0.6931471805599455,-0.6926810184046505,-0.6922045050254216,-0.6931374552907095,-0.6926839125924771,-0.6926753058106877,-0.6924416672075946,-0.6929129175999413,-0.6915949253107154,-0.6919068648881155,-0.6924375406256067,-0.6927928248560745,-0.691755277416307,-0.6905634652761666,-0.6925486854962188,-0.6900394695670894,-0.6924987079821404,-0.6912500103348435,-0.692802232310807,-0.6907157076364544,-0.6920527062270935,-0.6906372199024294,-0.6917651425609302,-0.6915109411810576,-0.6900065122962514,-0.6903175354471364,-0.6913717838157943,-0.6927179901675883,-0.6865308162570617,-0.6920912885408776,-0.691610223134669,-0.6855593843753947,-0.6914077424134861,-0.6878565262777488
-0.6922229843191987,-0.6922229843191986,-0.6922229843191987,-0.6922229843191987,-0.6922229843191986,-0.6922229843191987,-0.6922229843191987,-0.6922229843191987,-0.6922229843191987,-0.6922229843191987,-0.6922229843191987,-0.6922229843191987,-0.6922229843191987,-0.6922229843191987,-0.6922229843191988,-0.6922229843191987,-0.6922229843191987,-0.6922229843191987,-0.6922229843191987,-0.6922229843191987,-0.6922229843191985,-0.6922229843191986,-0.6922229843191987,-0.6922229843191986,-0.6922229843191987,-0.6922229843191988,-0.6922229843191987,-0.6922229843191987,-0.6922229843191987,-0.6922229843191987,-0.6922229843191987,-0.6922229843191986,-0.6922229843191986,-0.6922229843191987,-0.6922229843191987,-0.6922229843191987,-0.6922229843191988,-0.6922229843191987,-0.6922229843191986,-0.6922229843191987,-0.6922229843191987,-0.6922229843191986,-0.6924204741901343,-0.6931351756060644,-0.6931343473736002,-0.6931431148137926,-0.6931471805599452,-0.693145731266318,-0.6931458472123894,-0.6931459985169391,-0.6931457312663182,-0.6931471805599453,-0.6929149494567521,-0.6931444854595282,-0.6931471805599452,-0.6931471805599452,-0.6931471805599452,-0.6931450547109085,-0.6931471805599452,-0.6931435273947254,-0.6931451840576259,-0.6931463513691282,-0.6929112896332589,-0.6931471805599454,-0.6929147863383954,-0.6931464889950286,-0.6928573904306227,-0.6931471805599454,-0.6926813509897946,-0.6931465700579696,-0.6925270526476441,-0.692169775135975,-0.6922653140200379,-0.6920636978526579,-0.6929657694055325,-0.6920779952209769,-0.6902426709554842,-0.6923383252606901,-0.6925192146743414,-0.6899710374462156,-0.6926225952260835,-0.6905016018424479,-0.6914885800636297,-0.6925352139813605,-0.6901753310742617,-0.691082921670269,-0.6927226778461535,-0.6925546334819297,-0.6920152542372755,-0.6868364896863381,-0.6903907117663696,-0.6890594485217835,-0.689990102321077,-0.6894132933172016,-0.6898728346303946,-0.6893902316806403,-0.6925520082269389,-0.6926405556390361,-0.6916237553655573,-0.6899262309893689
-0.6922229843191987,-0.6922229843191987,-0.6922229843191987,-0.6922229843191987,-0.6922229843191987,-0.6922229843191987,-0.6922229843191987,-0.6922229843191986,-0.6922229843191986,-0.6922229843191987,-0.6922229843191987,-0.6922229843191987,-0.6922229843191987,-0.6922229843191987,-0.6922229843191987,-0.6922229843191987,-0.6922229843191987,-0.6922229843191986,-0.6922229843191986,-0.6922229843191988,-0.6922229843191987,-0.6922229843191986,-0.6922229843191988,-0.6922229843191987,-0.6922229843191986,-0.6922229843191987,-0.6922229843191987,-0.6922229843191987,-0.6922229843191987,-0.6922229843191987,-0.6922229843191987,-0.6922229843191988,-0.6922229843191986,-0.6922229843191987,-0.6922229843191986,-0.6922229843191986,-0.6922229843191987,-0.6922229843191987,-0.6922229843191986,-0.6922229843191987,-0.6922229843191987,-0.6922229843191988,-0.6923974003671202,-0.6931363497835757,-0.6931458472123893,-0.6931453884107143,-0.6931454623164499,-0.6931433042415021,-0.693142001605844,-0.6931455932343616,-0.6931449582718747,-0.6931434583418571,-0.6931458255314674,-0.6931440377976813,-0.6931471805599453,-0.6931464053633518,-0.6931461704527514,-0.6929153263436477,-0.6931462058955205,-0.6931459274153059,-0.6931471805599452,-0.6931464652501671,-0.6927485092747705,-0.6929117006002079,-0.6931471805599452,-0.6931471805599453,-0.6929148361147051,-0.6926341221580755,-0.6882721361553614,-0.6924518402935664,-0.6922660848797381,-0.6922750136003911,-0.6922263767485008,-0.6924398641080227,-0.6929924254013834,-0.6929592245711906,-0.6929848758710172,-0.6929890298042991,-0.6921589756529787,-0.6924347153282249,-0.6909007884856934,-0.691658847013593,-0.69110872445643,-0.6925062424772058,-0.6883109990961673,-0.6923654865205517,-0.6918424669265991,-0.691824284649724,-0.6915838924016848,-0.6916912246767285,-0.6856298574560609,-0.68655064525997,-0.6904533033150617,-0.6912526469927258,-0.6886951580943191,-0.6907076611596017,-0.6919273248739364,-0.6840763461443174,-0.6877252470237657,-0.6901987100471674
-0.6922229843191987,-0.6922229843191986,-0.6922229843191987,-0.6922229843191987,-0.6922229843191987,-0.6922229843191987,-0.6922229843191987,-0.6922229843191986,-0.6922229843191988,-0.6922229843191987,-0.6922229843191987,-0.6922229843191987,-0.6922229843191987,-0.6922229843191987,-0.6922229843191987,-0.6922229843191987,-0.6922229843191987,-0.6922229843191987,-0.6922229843191987,-0.6922229843191987,-0.6922229843191987,-0.6922229843191987,-0.6922229843191987,-0.6922229843191987,-0.6922229843191987,-0.6922229843191988,-0.6922229843191987,-0.6922229843191988,-0.6922229843191988,-0.6922229843191987,-0.6922229843191986,-0.6922229843191987,-0.6922229843191987,-0.6922229843191986,-0.6922229843191987,-0.6922229843191987,-0.6922229843191987,-0.6922229843191987,-0.6922229843191986,-0.6922229843191987,-0.6922229843191987,-0.6922229843191986,-0.6922229843191986,-0.6929032888026371,-0.6931447650164438,-0.6931298869521764,-0.6931397725427544,-0.6931439955118452,-0.6931471805599454,-0.6931445401037746,-0.6931429019236557,-0.6931460912275706,-0.6931461052836687,-0.6931462281738099,-0.6931462058955205,-0.6931453370771842,-0.6931471805599453,-0.6931471805599453,-0.6931471805599454,-0.693145053578357,-0.6931444222791889,-0.6931450528042096,-0.6929146752853064,-0.6931463906675728,-0.6931447359919802,-0.6926988476323138,-0.6922957261791823,-0.6928569973298693,-0.6922435769865319,-0.6931465609798317,-0.692426153005425,-0.6929104109372574,-0.6921362751744756,-0.6928148158611541,-0.6927307025183318,-0.6929074854821883,-0.6929048530792952,-0.6928270296213547,-0.6917032450054129,-0.6922730039074634,-0.6911930777125201,-0.6918527215672872,-0.6926839976341713,-0.6926050023470469,-0.6929412194213888,-0.6862065755731361,-0.6880841868856029,-0.6872133434573003,-0.6928019431093563,-0.69235691135977,-0.6912444180407865,-0.6908422960628865,-0.6928625143209467,-0.6900213699052874,-0.6913346823128318,-0.691536693663865,-0.6868748108048326,-0.6866768339589531,-0.6870358362271323,-0.6895584619357081
-0.6922229843191987,-0.6922229843191987,-0.6922229843191987,-0.6922229843191987,-0.6922229843191987,-0.6922229843191987,-0.6922229843191986,-0.6922229843191986,-0.6922229843191987,-0.6922229843191986,-0.6922229843191987,-0.6922229843191987,-0.6922229843191988,-0.6922229843191987,-0.6922229843191987,-0.6922229843191987,-0.6922229843191986,-0.6922229843191986,-0.6922229843191988,-0.6922229843191987,-0.6922229843191986,-0.6922229843191986,-0.6922229843191986,-0.6922229843191987,-0.6922229843191987,-0.6922229843191988,-0.6922229843191987,-0.6922229843191988,-0.6922229843191987,-0.6922229843191987,-0.6922229843191986,-0.6922229843191987,-0.6922229843191987,-0.6922229843191986,-0.6922229843191987,-0.6922229843191987,-0.6922229843191987,-0.6922229843191987,-0.6922229843191986,-0.6922229843191987,-0.6922229843191987,-0.6922229843191986,-0.6922229843191987,-0.6928485616831033,-0.6931471805599452,-0.6931247594440578,-0.6931471805599453,-0.693144256433325,-0.6931459640041302,-0.6931403840690796,-0.6931456514865073,-0.6931408372790488,-0.6931458472123893,-0.6931451388414351,-0.6931461943608965,-0.6931471805599453,-0.6931462494564055,-0.6931464125080715,-0.6931471805599453,-0.6931455471322768,-0.6931471805599452,-0.6931463831087366,-0.6931463906675729,-0.6931451057816921,-0.6931464713379467,-0.692914776460085,-0.6929153773493723,-0.6931471805599452,-0.6926815466293531,-0.6926777105430046,-0.6927958675047045,-0.6927190983709718,-0.6928582262105061,-0.6928387484718885,-0.6924433431722553,-0.6925930512637685,-0.6930736469277333,-0.6922360095206992,-0.6924939036552427,-0.6927364870107696,-0.690945196510824,-0.6916066224262661,-0.6893978621616307,-0.6916948399524955,-0.6922572753706545,-0.691352514662356,-0.6922880513978578,-0.6921325930402666,-0.6915498181406049,-0.6912844012839879,-0.6918783797283634,-0.6918125582244328,-0.6905170567465322,-0.6901591231954292,-0.6897365667103452,-0.6855232081218345,-0.6904553207589794,-0.6891341462105259,-0.6893622107238073,-0.6902920523128048
-0.6922229843191986,-0.6922229843191987,-0.6922229843191987,-0.6922229843191986,-0.6922229843191987,-0.6922229843191987,-0.6922229843191987,-0.6922229843191986,-0.6922229843191986,-0.6922229843191988,-0.6922229843191987,-0.6922229843191987,-0.6922229843191987,-0.6922229843191988,-0.6922229843191988,-0.6922229843191986,-0.6922229843191987,-0.6922229843191986,-0.6922229843191987,-0.6922229843191987,-0.6922229843191986,-0.6922229843191988,-0.6922229843191986,-0.6922229843191987,-0.6922229843191987,-0.6922229843191988,-0.6922229843191987,-0.6922229843191987,-0.6922229843191988,-0.6922229843191988,-0.6922229843191987,-0.6922229843191987,-0.6922229843191987,-0.6922229843191987,-0.6922229843191985,-0.6922229843191986,-0.6922229843191988,-0.6922229843191987,-0.6922229843191987,-0.6922229843191986,-0.6922229843191987,-0.6922229843191987,-0.6922229843191987,-0.6928472850047225,-0.6931325158349055,-0.6931359890322961,-0.6931429173134902,-0.6931405121143621,-0.6931458885573413,-0.6931439665857583,-0.6931459274153059,-0.6931471805599452,-0.6931471805599454,-0.6931460311255462,-0.6931462796546571,-0.6931471805599454,-0.6931464946869531,-0.6931471805599453,-0.6931461323350053,-0.6931460467643522,-0.6931471805599453,-0.6931465655523994,-0.6931462171634436,-0.6931464946869532,-0.6931464053633518,-0.6931121380464934,-0.6931465217967018,-0.692914805215344,-0.692914421530739,-0.6918105798702014,-0.6925271836291187,-0.6930872190750399,-0.6915461398365583,-0.6918432554783596,-0.6924354300394083,-0.6930363085368034,-0.6919531406263723,-0.6916360502718879,-0.6922416884694171,-0.6925182815981403,-0.6921770913301412,-0.6919119753425043,-0.6920587275087753,-0.6923525812995295,-0.6897960893326895,-0.6915152417993314,-0.6887322282758811,-0.6922581034360656,-0.6884640410527243,-0.6919377684889154,-0.6923644112305554,-0.6908593615501227,-0.691945449442932,-0.6925230677152077,-0.6861764552111439,-0.6918206994712,-0.6927725443638464,-0.6909396884584453,-0.6914037089942463,-0.68874042087804
-0.6922229843191987,-0.6922229843191986,-0.6922229843191987,-0.6922229843191987,-0.6922229843191986,-0.6922229843191987,-0.6922229843191987,-0.6922229843191986,-0.6922229843191987,-0.6922229843191987,-0.6922229843191987,-0.6922229843191987,-0.6922229843191987,-0.6922229843191987,-0.6922229843191987,-0.6922229843191987,-0.6922229843191986,-0.6922229843191987,-0.6922229843191987,-0.6922229843191987,-0.6922229843191985,-0.6922229843191986,-0.6922229843191986,-0.6922229843191986,-0.6922229843191986,-0.6922229843191986,-0.6922229843191987,-0.6922229843191987,-0.6922229843191986,-0.6922229843191988,-0.6922229843191987,-0.6922229843191987,-0.6922229843191987,-0.6922229843191987,-0.6922229843191987,-0.6922229843191987,-0.6922229843191988,-0.6922229843191987,-0.6922229843191986,-0.6922229843191988,-0.6922229843191988,-0.6922229843191988,-0.6922229843191987,-0.6930666563706747,-0.6931085700924019,-0.6931455932343615,-0.6931209418874824,-0.6931471805599453,-0.693143745468356,-0.6931455624115463,-0.6931460150492803,-0.6931461052836685,-0.6931433745949953,-0.6931442606309153,-0.6931471805599453,-0.6931471805599453,-0.6931459815088344,-0.6929151681032568,-0.6931453099456535,-0.6931464195222931,-0.6931471805599453,-0.6931471805599453,-0.6931461323350053,-0.6931462058955202,-0.6931471805599454,-0.6921889554221926,-0.6931465874388831,-0.6924447297696756,-0.6928582277940175,-0.6926107773444597,-0.6924335175159957,-0.6924405726729572,-0.692858618375522,-0.692530455749899,-0.6931471805599452,-0.6922818002800151,-0.6930378849480554,-0.6929174279258639,-0.6919302339741012,-0.6931081125156838,-0.6898764050233231,-0.6924791490327485,-0.6923593217586307,-0.691318033193744,-0.6924405525900286,-0.6896757045008844,-0.692211125327649,-0.6921999850580096,-0.6921013820144584,-0.690294410178861,-0.69217028940081,-0.6915892666690467,-0.6913262010505083,-0.6928624582154559,-0.6917760042353948,-0.690231091983266,-0.6868259111555636,-0.6904667436299674,-0.6918631680438878,-0.6901489497519577
-0.6922229843191987,-0.6922229843191988,-0.6922229843191987,-0.6922229843191988,-0.6922229843191988,-0.6922229843191986,-0.6922229843191986,-0.6922229843191986,-0.6922229843191987,-0.6922229843191987,-0.6922229843191987,-0.6922229843191987,-0.6922229843191987,-0.6922229843191987,-0.6922229843191987,-0.6922229843191987,-0.6922229843191987,-0.6922229843191987,-0.6922229843191987,-0.6922229843191987,-0.6922229843191985,-0.6922229843191986,-0.6922229843191988,-0.6922229843191988,-0.6922229843191988,-0.6922229843191987,-0.6922229843191987,-0.6922229843191987,-0.6922229843191987,-0.6922229843191987,-0.6922229843191987,-0.6922229843191987,-0.6922229843191988,-0.6922229843191987,-0.6922229843191986,-0.6922229843191987,-0.6922229843191987,-0.6922229843191987,-0.6922229843191988,-0.6922229843191987,-0.6922229843191987,-0.6922229843191986,-0.6927462324629634,-0.6931415305718974,-0.6931471805599454,-0.693144765016444,-0.6931471805599452,-0.6931388551702173,-0.6931454623164499,-0.6931442308546383,-0.6931430476204072,-0.6931436446804504,-0.6931437239943274,-0.6931447316350257,-0.6931456790381323,-0.6931462058955203,-0.6931471805599454,-0.6931448680899768,-0.6931463906675728,-0.6931471805599454,-0.6931462389353502,-0.6926795367507887,-0.6931464590569703,-0.6931471805599453,-0.6931456790381323,-0.6929142171388696,-0.6928147835974598,-0.6921240855684437,-0.692914656554253,-0.6917113562717959,-0.6926822512977633,-0.6922337522787811,-0.6930667592395091,-0.6920089392876598,-0.69262295156198,-0.6921914552730954,-0.6903977532950534,-0.6914022048995356,-0.6927091580474634,-0.692585062175213,-0.691907438109014,-0.6930525024929182,-0.6920491440139314,-0.6909412719462084,-0.6901595009249407,-0.6919272863450397,-0.6920588111232472,-0.6913004872548432,-0.6895164690087834,-0.6924028574840372,-0.6915506591088272,-0.6922765386772325,-0.6905119839510714,-0.6909313999042432,-0.689430215963662,-0.6906365640431155,-0.6913587332624032,-0.689091541967772,-0.6882804365440796,-0.6924284420185606
-0.6922229843191987,-0.6922229843191987,-0.6922229843191987,-0.6922229843191987,-0.6922229843191987,-0.6922229843191987,-0.6922229843191986,-0.6922229843191986,-0.6922229843191987,-0.6922229843191987,-0.6922229843191988,-0.6922229843191987,-0.6922229843191986,-0.6922229843191987,-0.6922229843191987,-0.6922229843191987,-0.6922229843191987,-0.6922229843191986,-0.6922229843191987,-0.6922229843191988,-0.6922229843191986,-0.6922229843191988,-0.6922229843191986,-0.6922229843191986,-0.6922229843191986,-0.6922229843191987,-0.6922229843191986,-0.6922229843191987,-0.6922229843191988,-0.6922229843191986,-0.6922229843191987,-0.6922229843191987,-0.6922229843191986,-0.6922229843191987,-0.6922229843191987,-0.6922229843191987,-0.6922229843191988,-0.6922229843191987,-0.6922229843191988,-0.6922229843191987,-0.6922229843191988,-0.6922229843191987,-0.6922229843191987,-0.6931408819066407,-0.6931456514865073,-0.6931446929053904,-0.6931471805599453,-0.6931421292816531,-0.6931455624115462,-0.6931449582718747,-0.6931471805599452,-0.6931471805599453,-0.6931459082829577,-0.6931430315133039,-0.693144793784188,-0.693146182549989,-0.6931471805599453,-0.6931462597449478,-0.6931461943608964,-0.6931461052836686,-0.6931463595385623,-0.6931471805599452,-0.6931471805599454,-0.6929129007387785,-0.6926776125174282,-0.692701847122581,-0.6931453429376682,-0.6931471805599453,-0.6925425668641989,-0.6929131445906762,-0.6922034713278846,-0.6922673407137768,-0.692678306104289,-0.6931254996395886,-0.6928628794135387,-0.691702755922997,-0.6926755679007061,-0.6930663901845958,-0.6896523513917207,-0.6926187100178096,-0.691718455414616,-0.692224775402668,-0.6907038235084771,-0.6910118467535898,-0.6900880560074547,-0.692580649042037,-0.6921148364978151,-0.6898329601156239,-0.6904084343136214,-0.6914824857711058,-0.6915635207384767,-0.6904430278688118,-0.6874432783333306,-0.692324662147652,-0.6901478053640185,-0.6914393860153839,-0.6914953155629693,-0.6924907075516684,-0.6913733320811754,-0.6872042371488662
-0.6922229843191986,-0.6922229843191986,-0.6922229843191987,-0.6922229843191987,-0.6922229843191987,-0.6922229843191987,-0.6922229843191987,-0.6922229843191987,-0.6922229843191987,-0.6922229843191987,-0.6922229843191987,-0.6922229843191987,-0.6922229843191987,-0.6922229843191988,-0.6922229843191987,-0.6922229843191987,-0.6922229843191986,-0.6922229843191986,-0.6922229843191986,-0.6922229843191987,-0.6922229843191987,-0.6922229843191987,-0.6922229843191986,-0.6922229843191987,-0.6922229843191986,-0.6922229843191986,-0.6922229843191986,-0.6922229843191987,-0.6922229843191987,-0.6922229843191987,-0.6922229843191986,-0.6922229843191987,-0.6922229843191986,-0.6922229843191987,-0.6922229843191987,-0.6922229843191986,-0.6922229843191988,-0.6922229843191987,-0.6922229843191986,-0.6922229843191987,-0.6922229843191988,-0.6922229843191987,-0.6922229843191987,-0.6931414322940195,-0.6931157905617125,-0.693139267731006,-0.6931471805599454,-0.6931471805599454,-0.6931337137082574,-0.6931471805599452,-0.6931459815088347,-0.6931460467643523,-0.6931462796546571,-0.6931458682104261,-0.6931471805599452,-0.6931461943608965,-0.6931471805599454,-0.6929153104783757,-0.6929137839506236,-0.6931464053633516,-0.692915096296415,-0.6931471805599454,-0.6931463754038345,-0.6929148482479544,-0.6929150832748189,-0.6929130531750265,-0.6924508291711017,-0.6926825929301891,-0.6931454594836095,-0.6928570326678507,-0.6922340384841684,-0.6931466341108788,-0.6930290886699392,-0.6915272355208845,-0.6929677136687699,-0.689428764873077,-0.6930204633244327,-0.6902508007283035,-0.692761736965635,-0.6928849719377992,-0.6930961323490258,-0.691961567771862,-0.6909829799870495,-0.6912018373678782,-0.6927357375239835,-0.692551086499474,-0.6864089963172659,-0.6916288631496608,-0.6921774501754275,-0.6918912991601727,-0.6918664185439879,-0.6915586098097377,-0.6924599045051788,-0.6926973703693988,-0.6898706205061523,-0.6892359454507069,-0.6927100133631208,-0.6894507968001008,-0.6914768319902408,-0.6910917423870474
-0.6922229843191988,-0.6922229843191987,-0.6922229843191987,-0.6922229843191987,-0.6922229843191987,-0.6922229843191986,-0.6922229843191986,-0.6922229843191987,-0.6922229843191987,-0.6922229843191987,-0.6922229843191987,-0.6922229843191987,-0.6922229843191987,-0.6922229843191987,-0.6922229843191987,-0.6922229843191987,-0.6922229843191987,-0.6922229843191987,-0.6922229843191987,-0.6922229843191988,-0.6922229843191987,-0.6922229843191986,-0.6922229843191988,-0.6922229843191988,-0.6922229843191987,-0.6922229843191986,-0.6922229843191987,-0.6922229843191987,-0.6922229843191988,-0.6922229843191987,-0.6922229843191987,-0.6922229843191987,-0.6922229843191987,-0.6922229843191986,-0.6922229843191987,-0.6922229843191986,-0.6922229843191988,-0.6922229843191987,-0.6922229843191987,-0.6922229843191987,-0.6922229843191987,-0.6922229843191986,-0.6922229843191987,-0.6930485806115216,-0.6931410063084068,-0.6931448973835119,-0.6931471805599453,-0.6931471805599453,-0.6931471805599453,-0.6931436736008774,-0.6931443240096544,-0.6931446955072457,-0.6931462494564056,-0.6931461580586435,-0.6931462389353502,-0.6931462058955205,-0.6931458255314674,-0.6929144886237768,-0.693144659508369,-0.6931471805599452,-0.6931424396835926,-0.6931471805599454,-0.693146537057703,-0.6929154674873779,-0.6931464053633518,-0.6928576797072522,-0.6931465269634987,-0.6929148126545946,-0.6929111203382254,-0.6929977338124059,-0.6930852494128142,-0.6929127144591348,-0.6913461748339218,-0.6930893625274472,-0.6926750506683622,-0.6928784555121494,-0.6911575324052586,-0.6917046590470988,-0.6924266367825929,-0.6926799376178279,-0.6921359122623789,-0.6920231295673509,-0.6926463641616294,-0.6914607401251848,-0.6886551187208954,-0.686780826784045,-0.6920291190530216,-0.6901464053132929,-0.6910585236786487,-0.6908820241142648,-0.6880589216209533,-0.6884930750547265,-0.6907341964220222,-0.6911780456972446,-0.6916115170115305,-0.6921901561893378,-0.6922192457899274,-0.6908005188015383,-0.6918831001870722,-0.6911384620029187
-0.6922229843191987,-0.6922229843191987,-0.6922229843191987,-0.6922229843191987,-0.6922229843191987,-0.6922229843191987,-0.6922229843191986,-0.6922229843191987,-0.6922229843191987,-0.6922229843191987,-0.6922229843191988,-0.6922229843191987,-0.6922229843191986,-0.6922229843191987,-0.6922229843191987,-0.6922229843191987,-0.6922229843191987,-0.6922229843191987,-0.6922229843191988,-0.6922229843191988,-0.6922229843191987,-0.6922229843191986,-0.6922229843191987,-0.6922229843191988,-0.6922229843191986,-0.6922229843191986,-0.6922229843191987,-0.6922229843191987,-0.6922229843191988,-0.6922229843191988,-0.6922229843191986,-0.6922229843191988,-0.6922229843191986,-0.6922229843191987,-0.6922229843191987,-0.6922229843191986,-0.6922229843191987,-0.6922229843191987,-0.6922229843191988,-0.6922229843191987,-0.6922229843191987,-0.6922229843191988,-0.6922229843191986,-0.693134858208909,-0.6931226940463098,-0.6931440031745824,-0.6931452197303976,-0.6931454623164499,-0.6931453490212505,-0.6931461189816418,-0.6931454261415803,-0.6931463258553443,-0.6931471805599453,-0.6931439247913069,-0.6931462281738099,-0.6931458885573413,-0.6931464832078409,-0.6931447649603378,-0.6931453642831317,-0.6931463513691283,-0.6931462597449477,-0.6931463754038344,-0.6931462171634436,-0.6931446988498241,-0.6929143059545101,-0.6931471805599452,-0.6931463169982229,-0.6926776058221503,-0.6931471805599454,-0.6929126551444864,-0.6923801219690842,-0.6920667358906809,-0.6924397094890271,-0.6912285740523672,-0.692513211678837,-0.6922055654553119,-0.6921869054277008,-0.6916144747214655,-0.692500927253289,-0.6909939838620798,-0.6923354073294528,-0.6916626779830122,-0.6922447497423555,-0.6899398210492969,-0.6903575050781313,-0.6925372785016224,-0.6896047212942336,-0.6920976315291734,-0.6906470166921717,-0.6927921419537307,-0.689620260257993,-0.6919595138452272,-0.6925089279492121,-0.6888613912663621,-0.6915932391833899,-0.6881341857434109,-0.6875916718489077,-0.6905782892362746,-0.6905921233750641,-0.6900595538861871
-0.6922229843191987,-0.6922229843191986,-0.6922229843191988,-0.6922229843191986,-0.6922229843191987,-0.6922229843191987,-0.6922229843191987,-0.6922229843191986,-0.6922229843191987,-0.6922229843191987,-0.6922229843191987,-0.6922229843191987,-0.6922229843191986,-0.6922229843191987,-0.6922229843191987,-0.6922229843191987,-0.6922229843191987,-0.6922229843191987,-0.6922229843191986,-0.6922229843191987,-0.6922229843191986,-0.6922229843191987,-0.6922229843191987,-0.6922229843191986,-0.6922229843191986,-0.6922229843191988,-0.6922229843191987,-0.6922229843191988,-0.6922229843191988,-0.6922229843191986,-0.6922229843191986,-0.6922229843191987,-0.6922229843191986,-0.6922229843191987,-0.6922229843191986,-0.6922229843191987,-0.6922229843191986,-0.6922229843191987,-0.6922229843191987,-0.6922229843191988,-0.6922229843191987,-0.6922229843191987,-0.6923974003671203,-0.6930982788394466,-0.6931414322940197,-0.6931471805599454,-0.6931460150492804,-0.6931471805599454,-0.6931455303679669,-0.6931471805599454,-0.6931459985169389,-0.6931464053633518,-0.6931454970296325,-0.6931471805599452,-0.6931462796546571,-0.6931459274153059,-0.6931462389353502,-0.6931462494564056,-0.6931464713379467,-0.6929103899596811,-0.6931471805599453,-0.6931453438409103,-0.6931471805599453,-0.6925489866533402,-0.6931448891457598,-0.692206797707095,-0.6931471805599452,-0.6915912386674857,-0.6929141691162162,-0.6916695091833388,-0.6931471805599454,-0.6929526889479739,-0.6925932019078059,-0.692743710257958,-0.6903158063698124,-0.6930320235968273,-0.6929735260991085,-0.6928135240017917,-0.6922028018410714,-0.6892185453381098,-0.6915723168162758,-0.6926700165277421,-0.6928051393674921,-0.6916362291928141,-0.6911615248068429,-0.6915442081747663,-0.6916798792376823,-0.6908217601725625,-0.6921860835257687,-0.6924154899486878,-0.6916686087527828,-0.6924943908143928,-0.6893419451681015,-0.6873394619146281,-0.689805674991027,-0.6880759653761104,-0.6910932921504191,-0.6894112138869724,-0.6850142997394592,-0.6912621625859232
-0.6922229843191987,-0.6922229843191987,-0.6922229843191988,-0.6922229843191987,-0.6922229843191987,-0.6922229843191987,-0.6922229843191986,-0.6922229843191987,-0.6922229843191987,-0.6922229843191987,-0.6922229843191987,-0.6922229843191987,-0.6922229843191987,-0.6922229843191987,-0.6922229843191987,-0.6922229843191987,-0.6922229843191987,-0.6922229843191986,-0.6922229843191988,-0.6922229843191988,-0.6922229843191986,-0.6922229843191986,-0.6922229843191987,-0.6922229843191986,-0.6922229843191987,-0.6922229843191988,-0.6922229843191987,-0.6922229843191987,-0.6922229843191988,-0.6922229843191986,-0.6922229843191986,-0.6922229843191987,-0.6922229843191987,-0.6922229843191987,-0.6922229843191987,-0.6922229843191986,-0.6922229843191987,-0.6922229843191987,-0.6922229843191986,-0.6922229843191988,-0.6922229843191987,-0.6922229843191987,-0.6922229843191986,-0.6931191625735855,-0.6931409572633916,-0.6931433315426748,-0.6931438388159967,-0.6931347005672022,-0.6931389982276949,-0.6931457312663181,-0.6931471805599454,-0.6931429180951012,-0.6931471805599453,-0.6931439379000418,-0.6931461580586435,-0.6931456514865072,-0.692911824890917,-0.693146546844857,-0.6931464889950285,-0.6931471805599454,-0.6931451742014865,-0.6929081545731275,-0.6931462987216156,-0.6931464463431799,-0.6931464527555944,-0.6931471805599453,-0.6929682252431963,-0.69291542227776,-0.6930871589802946,-0.6929142999610638,-0.6922129263019257,-0.6929146315669007,-0.6911331028712968,-0.6923426797666508,-0.6924490049805565,-0.6926093607736856,-0.6910894716360011,-0.6909643905277651,-0.6923432476289149,-0.691257900440319,-0.6912149632491493,-0.6913001787277919,-0.6904668766597227,-0.6905178710589969,-0.691852365425583,-0.6918851387128396,-0.6926046612667389,-0.6919374557675692,-0.6929686595562111,-0.6915688910446167,-0.687655620458244,-0.6897630941400732,-0.6904092643925797,-0.6917504222932336,-0.6917300727621755,-0.690550047158324,-0.6907407047568004,-0.6914309581411434,-0.6922505227888687,-0.688339529989908
-0.6922229843191987,-0.6922229843191987,-0.6922229843191987,-0.6922229843191987,-0.6922229843191988,-0.6922229843191987,-0.6922229843191987,-0.6922229843191986,-0.6922229843191987,-0.6922229843191987,-0.6922229843191987,-0.6922229843191987,-0.6922229843191987,-0.6922229843191987,-0.6922229843191987,-0.6922229843191987,-0.6922229843191987,-0.6922229843191986,-0.6922229843191988,-0.6922229843191988,-0.6922229843191985,-0.6922229843191986,-0.6922229843191987,-0.6922229843191987,-0.6922229843191987,-0.6922229843191987,-0.6922229843191987,-0.6922229843191987,-0.6922229843191987,-0.6922229843191987,-0.6922229843191987,-0.6922229843191987,-0.6922229843191986,-0.6922229843191987,-0.6922229843191987,-0.6922229843191986,-0.6922229843191987,-0.6922229843191987,-0.6922229843191988,-0.6922229843191986,-0.6922229843191987,-0.6922229843191986,-0.6922229843191986,-0.693120991423369,-0.6931350193547778,-0.69314546231645,-0.6931440357192488,-0.693126973556079,-0.6931452648089476,-0.6931455303679669,-0.6931471805599454,-0.6931471805599452,-0.6931462597449477,-0.6931461189816419,-0.6931461825499889,-0.6931471805599455,-0.6931428536762423,-0.6931471805599454,-0.6931447649603377,-0.6929138746219696,-0.692435609185188,-0.6931461580586435,-0.6929154977846701,-0.6931464053633516,-0.6928885684141417,-0.692915356303165,-0.6929094082997556,-0.6931471805599453,-0.692915516492213,-0.6924445875478831,-0.6926462318603416,-0.6920957731104312,-0.6928463357672291,-0.6929155209977829,-0.6927140353215614,-0.691577952853001,-0.6922643218546636,-0.6925986897378537,-0.6914597191907454,-0.6908245855125025,-0.6915244645811596,-0.6904917805903189,-0.692496188276736,-0.6908180131595277,-0.6927525331157287,-0.6918321103454564,-0.6914502777188172,-0.6863794140361329,-0.6923454038589218,-0.6909027284630678,-0.6915317045182301,-0.6923291118027127,-0.6910525338626229,-0.6913937045521442,-0.6911803920668367,-0.6878171970432304,-0.6906839234066231,-0.6908670790619899,-0.6912833732992028,-0.6920533981208087
-0.6922229843191987,-0.6922229843191986,-0.6922229843191986,-0.6922229843191987,-0.6922229843191987,-0.6922229843191987,-0.6922229843191986,-0.6922229843191986,-0.6922229843191987,-0.6922229843191987,-0.6922229843191987,-0.6922229843191987,-0.6922229843191987,-0.6922229843191987,-0.6922229843191987,-0.6922229843191987,-0.6922229843191987,-0.6922229843191986,-0.6922229843191987,-0.6922229843191988,-0.6922229843191986,-0.6922229843191988,-0.6922229843191987,-0.6922229843191988,-0.6922229843191987,-0.6922229843191988,-0.6922229843191987,-0.6922229843191987,-0.6922229843191987,-0.6922229843191987,-0.6922229843191987,-0.6922229843191987,-0.6922229843191987,-0.6922229843191987,-0.6922229843191987,-0.6922229843191986,-0.6922229843191987,-0.6922229843191987,-0.6922229843191988,-0.6922229843191988,-0.6922229843191987,-0.6922229843191987,-0.6922229843191987,-0.692865204305051,-0.6931384045757977,-0.6931471805599453,-0.6931471805599454,-0.6931458885573412,-0.6931460311255462,-0.6931453884107143,-0.6931471805599453,-0.6931458031337967,-0.6931429549892131,-0.6931471805599454,-0.6931471805599453,-0.6931463345326232,-0.6931464053633518,-0.6931444437999625,-0.6931458885573412,-0.6931462494564055,-0.6931463513691283,-0.6931465112141031,-0.6924450181001828,-0.6931453228081808,-0.6929147914247749,-0.692914742246512,-0.692683246125643,-0.692399921325567,-0.6926833985441541,-0.692990733585512,-0.6908531604507007,-0.6922065419154874,-0.6928477076064716,-0.6922626865956452,-0.6930613412705117,-0.6923512623012875,-0.6926803018906982,-0.6923262093862822,-0.6926282829992879,-0.6910870126948898,-0.6921722229145708,-0.6926177973679353,-0.6927827111615691,-0.6919147821257248,-0.6923322326566548,-0.6904784474654136,-0.6912527669071508,-0.6911921500901044,-0.6919692588732543,-0.6906298290151002,-0.6880883076910611,-0.6902675922563797,-0.6925221189678483,-0.6928932789629956,-0.688044310249905,-0.6878933452347302,-0.6893830062614181,-0.6869524548991466,-0.6878285755736323,-0.6912089195563027
-0.6922229843191987,-0.6922229843191987,-0.6922229843191987,-0.6922229843191986,-0.6922229843191986,-0.6922229843191986,-0.6922229843191986,-0.6922229843191986,-0.6922229843191987,-0.6922229843191987,-0.6922229843191987,-0.6922229843191987,-0.6922229843191987,-0.6922229843191987,-0.6922229843191987,-0.6922229843191987,-0.6922229843191987,-0.6922229843191986,-0.6922229843191987,-0.6922229843191988,-0.6922229843191987,-0.6922229843191987,-0.6922229843191987,-0.6922229843191988,-0.6922229843191986,-0.6922229843191986,-0.6922229843191986,-0.6922229843191987,-0.6922229843191987,-0.6922229843191987,-0.6922229843191986,-0.6922229843191987,-0.6922229843191988,-0.6922229843191987,-0.6922229843191987,-0.6922229843191986,-0.6922229843191987,-0.6922229843191987,-0.6922229843191988,-0.6922229843191987,-0.6922229843191987,-0.6922229843191986,-0.6928236561218091,-0.6931471805599452,-0.6931471805599452,-0.6931471805599453,-0.693144897383512,-0.6931457056144398,-0.6931471805599453,-0.6931471805599453,-0.6931462389353502,-0.6931461453566017,-0.6931464331732848,-0.6931461453566018,-0.6931457056144396,-0.6931428898753501,-0.6931444266071394,-0.6931446955072457,-0.6931461943608963,-0.6931462698086003,-0.693146465250167,-0.6926740576614574,-0.6929152305944705,-0.6931464527555943,-0.6929085115479966,-0.6931471805599454,-0.6924455924777934,-0.6926194162047472,-0.6931033167667785,-0.6929221909864646,-0.6917333086814438,-0.6926735933255842,-0.6926579684338408,-0.6929129661383121,-0.6925416525402786,-0.6908098478511647,-0.6926888042350543,-0.691792504534388,-0.6906159527253686,-0.6929826358392671,-0.6921177964414941,-0.6924003505376386,-0.6915267859213322,-0.6904815266241294,-0.6879249389025088,-0.6924712580259826,-0.6923160211668842,-0.6918423490279008,-0.6914179341376109,-0.6930796799783779,-0.692796504990505,-0.6879810796649151,-0.6911262766086903,-0.6913214497558375,-0.6910608102801566,-0.6857159381252492,-0.6927580567354593,-0.6900053679578666,-0.6907414849157875,-0.6899471049541449
-0.6922229843191987,-0.6922229843191988,-0.6922229843191987,-0.6922229843191987,-0.6922229843191987,-0.6922229843191987,-0.6922229843191986,-0.6922229843191986,-0.6922229843191987,-0.6922229843191987,-0.6922229843191988,-0.6922229843191987,-0.6922229843191987,-0.6922229843191987,-0.6922229843191987,-0.6922229843191987,-0.6922229843191987,-0.6922229843191986,-0.6922229843191987,-0.6922229843191988,-0.6922229843191985,-0.6922229843191988,-0.6922229843191986,-0.6922229843191986,-0.6922229843191987,-0.6922229843191986,-0.6922229843191987,-0.6922229843191988,-0.6922229843191988,-0.6922229843191987,-0.6922229843191987,-0.6922229843191987,-0.6922229843191987,-0.6922229843191986,-0.6922229843191987,-0.6922229843191986,-0.6922229843191988,-0.6922229843191987,-0.6922229843191988,-0.6922229843191987,-0.6922229843191987,-0.6922229843191987,-0.6923974003671203,-0.6928549934344352,-0.6931471805599453,-0.6931365954361021,-0.6931461323350055,-0.6931471805599453,-0.6931471805599454,-0.6931434834733768,-0.693146182549989,-0.6931443437398199,-0.6931471805599453,-0.6931429741409453,-0.693145779983237,-0.6931462281738097,-0.693144487505426,-0.6931471805599454,-0.6931447505812192,-0.6931471805599454,-0.693146182549989,-0.6931464590569703,-0.6931452999917493,-0.6931465269634989,-0.6929118821647642,-0.6924166700981249,-0.6922061936765921,-0.6929113297244892,-0.6927670373896246,-0.692186374402216,-0.6924378208939374,-0.6921755130710362,-0.691979523826475,-0.6929139321985468,-0.6922148481451151,-0.6919162703171031,-0.689856839324005,-0.6925968895401041,-0.6915240864631944,-0.6928206468423573,-0.6911050183628077,-0.6907341926839451,-0.6924909018467876,-0.6902307534219221,-0.6919693564854724,-0.6919825274740827,-0.6927599357447926,-0.6911166189853767,-0.6884110857848154,-0.6920300466554739,-0.6926370626331458,-0.6920947237570119,-0.6900112198025149,-0.6922701616390207,-0.6906526470078607,-0.6853675148275656,-0.6891198300552356,-0.6877751119886687,-0.6881649370122401,-0.691201470483024
-0.6922229843191986,-0.6922229843191986,-0.6922229843191987,-0.6922229843191987,-0.6922229843191987,-0.6922229843191987,-0.6922229843191986,-0.6922229843191987,-0.6922229843191986,-0.6922229843191987,-0.6922229843191987,-0.6922229843191987,-0.6922229843191986,-0.6922229843191987,-0.6922229843191988,-0.6922229843191988,-0.6922229843191987,-0.6922229843191986,-0.6922229843191987,-0.6922229843191987,-0.6922229843191985,-0.6922229843191986,-0.6922229843191988,-0.6922229843191986,-0.6922229843191986,-0.6922229843191987,-0.6922229843191987,-0.6922229843191987,-0.6922229843191987,-0.6922229843191987,-0.6922229843191986,-0.6922229843191987,-0.6922229843191986,-0.6922229843191986,-0.6922229843191987,-0.6922229843191987,-0.6922229843191987,-0.6922229843191987,-0.6922229843191986,-0.6922229843191987,-0.6922229843191987,-0.6922229843191987,-0.6927693062859774,-0.6931418032830491,-0.6931471805599453,-0.6931445349461983,-0.6931439430423832,-0.6931471805599453,-0.6931438468376541,-0.6931471805599453,-0.6931455624115463,-0.6931457312663181,-0.6931426987782505,-0.6931448926030851,-0.6931461704527514,-0.6931471805599454,-0.693144946932746,-0.6931460912275705,-0.6931463831087367,-0.6931463079556097,-0.6931471805599454,-0.6931461323350054,-0.6931471805599452,-0.6931463430354825,-0.6931464398167659,-0.6929144085091428,-0.6929122537867325,-0.6924999951628245,-0.6930266267912166,-0.6918222302924737,-0.6924407525741436,-0.6931471805599454,-0.6928622584755638,-0.6928823906355065,-0.6924372617180079,-0.6921609723114166,-0.6911600132088316,-0.6919561709507835,-0.6923308753522146,-0.6926139315160349,-0.689288316636104,-0.6919979569711417,-0.6918083167890082,-0.688632432649843,-0.6921301554299443,-0.6917955446681046,-0.6918677302855757,-0.6907802175151476,-0.6914726815174387,-0.6923986598210962,-0.6922035693775715,-0.6926263653552405,-0.6906334954347635,-0.6916992660487958,-0.6902193807190967,-0.6907552710056798,-0.6874533748042793,-0.689384994859126,-0.6905162958764974,-0.6912537882841865
-0.6922229843191987,-0.6922229843191987,-0.6922229843191986,-0.6922229843191987,-0.6922229843191987,-0.6922229843191986,-0.6922229843191986,-0.6922229843191987,-0.6922229843191986,-0.6922229843191987,-0.6922229843191987,-0.6922229843191987,-0.6922229843191987,-0.6922229843191987,-0.6922229843191987,-0.6922229843191987,-0.6922229843191987,-0.6922229843191987,-0.6922229843191987,-0.6922229843191987,-0.6922229843191986,-0.6922229843191987,-0.6922229843191986,-0.6922229843191988,-0.6922229843191987,-0.6922229843191986,-0.6922229843191987,-0.6922229843191987,-0.6922229843191987,-0.6922229843191987,-0.6922229843191986,-0.6922229843191987,-0.6922229843191987,-0.6922229843191986,-0.6922229843191987,-0.6922229843191986,-0.6922229843191988,-0.6922229843191987,-0.6922229843191988,-0.6922229843191987,-0.6922229843191988,-0.6922229843191986,-0.6922229843191987,-0.6931471805599452,-0.6931471805599454,-0.6931232893829399,-0.6931418025833687,-0.6931471805599453,-0.6931457312663183,-0.6931471805599453,-0.6931454970296325,-0.6931471805599454,-0.6931454623164498,-0.6931471805599454,-0.6931471805599454,-0.6931446222455836,-0.693145377304728,-0.6931471805599453,-0.6931461580586435,-0.6931442160943595,-0.6931471805599453,-0.6931463345326233,-0.6926778512735451,-0.6929154099967836,-0.6929148432661931,-0.6929126444678312,-0.6926744343674588,-0.6931465563387605,-0.6926491464534591,-0.6926784611555725,-0.6927854877364529,-0.6923385749606773,-0.693110007070342,-0.6929154282627915,-0.6928386824549025,-0.6915821084831968,-0.6928199562385607,-0.6898716514966712,-0.6921593943401608,-0.6923995839487015,-0.6909724038746942,-0.6930533722769391,-0.6903125905685709,-0.6920517436253188,-0.6924304774972072,-0.6894758495990475,-0.690837065324523,-0.6914139715615445,-0.6913828456087912,-0.6902585893700427,-0.6910560468856957,-0.6916521391265116,-0.6911564259102521,-0.6890267673660072,-0.6873012041569055,-0.6911124258231425,-0.6909209251270116,-0.6861501858420663,-0.6869200686052054,-0.6868122384559008
-0.6922229843191987,-0.6922229843191986,-0.6922229843191986,-0.6922229843191987,-0.6922229843191987,-0.6922229843191986,-0.6922229843191987,-0.6922229843191987,-0.6922229843191987,-0.6922229843191987,-0.6922229843191987,-0.6922229843191986,-0.6922229843191986,-0.6922229843191988,-0.6922229843191987,-0.6922229843191987,-0.6922229843191987,-0.6922229843191986,-0.6922229843191986,-0.6922229843191986,-0.6922229843191986,-0.6922229843191987,-0.6922229843191986,-0.6922229843191987,-0.6922229843191987,-0.6922229843191987,-0.6922229843191987,-0.6922229843191988,-0.6922229843191987,-0.6922229843191987,-0.6922229843191986,-0.6922229843191987,-0.6922229843191986,-0.6922229843191987,-0.6922229843191987,-0.6922229843191987,-0.6922229843191987,-0.6922229843191987,-0.6922229843191986,-0.6922229843191987,-0.6922229843191987,-0.6922229843191987,-0.6922229843191986,-0.6929914665465219,-0.6931471805599453,-0.6931448330644878,-0.6931471805599453,-0.6931471805599452,-0.6931471805599453,-0.6931452648089476,-0.6931471805599452,-0.6931451249593709,-0.6931462892901002,-0.6931461052836685,-0.6931461825499889,-0.6931471805599453,-0.6931471805599453,-0.6931471805599453,-0.6931463513691283,-0.6929145866618898,-0.6926803577440354,-0.6929141122792104,-0.6926783217519135,-0.6929140366747515,-0.6931471805599453,-0.6923319061683023,-0.6931464264095588,-0.6924386134583511,-0.6927633827702642,-0.693145117869844,-0.6926776125443356,-0.6926756957467313,-0.6920748358142788,-0.6924450687007646,-0.6926828297273053,-0.692697601129103,-0.692353631664282,-0.6925689341213143,-0.6907159541813404,-0.6901584112592589,-0.6908488352421309,-0.6910868255544951,-0.692273580236603,-0.6905306604455863,-0.6921244271425508,-0.6919555166321374,-0.691272194862024,-0.6899368963557402,-0.6899546684020716,-0.6906750492943085,-0.6910937568274779,-0.6913787315933289,-0.6927940767126017,-0.6904253070725977,-0.6898979248757705,-0.6891843344432427,-0.6895610249502047,-0.6905872048165017,-0.6881473797091273,-0.6875564677767748
-0.6922229843191987,-0.6922229843191987,-0.6922229843191987,-0.6922229843191986,-0.6922229843191986,-0.6922229843191987,-0.6922229843191987,-0.6922229843191987,-0.6922229843191987,-0.6922229843191987,-0.6922229843191987,-0.6922229843191987,-0.6922229843191987,-0.6922229843191987,-0.6922229843191987,-0.6922229843191987,-0.6922229843191987,-0.6922229843191987,-0.6922229843191987,-0.6922229843191987,-0.6922229843191986,-0.6922229843191987,-0.6922229843191987,-0.6922229843191986,-0.6922229843191987,-0.6922229843191988,-0.6922229843191987,-0.6922229843191988,-0.6922229843191987,-0.6922229843191987,-0.6922229843191986,-0.6922229843191987,-0.6922229843191987,-0.6922229843191987,-0.6922229843191987,-0.6922229843191986,-0.6922229843191987,-0.6922229843191987,-0.6922229843191987,-0.6922229843191987,-0.6922229843191987,-0.6922229843191987,-0.6922229843191987,-0.6931424180070938,-0.6931431151161611,-0.6931450159969316,-0.6931365012553484,-0.6931471805599454,-0.6931427682403377,-0.6931471805599454,-0.6931460150492804,-0.6931458682104261,-0.6931458031337967,-0.6931471805599454,-0.6931461453566017,-0.6931459082829579,-0.6931471805599452,-0.6931462892901001,-0.6931451604874516,-0.6931471805599454,-0.6931471805599454,-0.6929130822411689,-0.6929146922907845,-0.6931463513691283,-0.6930888961140684,-0.6924515472823134,-0.6929147235465742,-0.6923511829120793,-0.6924620602247041,-0.6929137230533168,-0.6926713110706824,-0.6927567065188506,-0.6909140718359965,-0.6927819677643758,-0.692915525437817,-0.6910198481402994,-0.6922292625867137,-0.6904205559539113,-0.6920601749124552,-0.6877231048923258,-0.6911412796467408,-0.6918018346704067,-0.692379019410874,-0.6930849100384038,-0.6914595115889887,-0.6923645093643964,-0.6906594244817192,-0.6921901959546355,-0.6911270991886196,-0.6911769611614246,-0.6921542234521503,-0.6913405964617013,-0.6926215624608277,-0.6911323993389538,-0.6923677101490237,-0.6900700340212674,-0.6903705818993536,-0.689744473205233,-0.6884912619860158,-0.6907407341137985
-0.6922229843191987,-0.6922229843191986,-0.6922229843191987,-0.6922229843191987,-0.6922229843191986,-0.6922229843191987,-0.6922229843191986,-0.6922229843191987,-0.6922229843191986,-0.6922229843191987,-0.6922229843191987,-0.6922229843191987,-0.6922229843191986,-0.6922229843191987,-0.6922229843191987,-0.6922229843191987,-0.6922229843191987,-0.6922229843191987,-0.6922229843191987,-0.6922229843191988,-0.6922229843191985,-0.6922229843191986,-0.6922229843191988,-0.6922229843191987,-0.6922229843191988,-0.6922229843191986,-0.6922229843191986,-0.6922229843191987,-0.6922229843191987,-0.6922229843191987,-0.6922229843191986,-0.6922229843191987,-0.6922229843191987,-0.6922229843191987,-0.6922229843191987,-0.6922229843191986,-0.6922229843191988,-0.6922229843191987,-0.6922229843191988,-0.6922229843191987,-0.6922229843191987,-0.6922229843191987,-0.6922229843191987,-0.6928736835108652,-0.6931456514865072,-0.6931417738161021,-0.693143214916089,-0.6931449582718748,-0.6931459082829577,-0.69314596400413,-0.6931380244598072,-0.6931446559900414,-0.6931458255314675,-0.6931459274153058,-0.6931471805599453,-0.6931471805599453,-0.6931445987547278,-0.6926844184271913,-0.6929141568521441,-0.6931471805599453,-0.6931449905231386,-0.6931464832078409,-0.6931471805599452,-0.6931471805599453,-0.6929143855253127,-0.6926832144272138,-0.6924515088094814,-0.6928939681963966,-0.693146546844857,-0.6926531012860625,-0.6930304844507681,-0.6919915349145416,-0.6919674987303748,-0.6923836302223288,-0.6925794937858413,-0.6907504064158363,-0.6918998981365944,-0.6908331825410916,-0.6917053653430666,-0.6925960946117371,-0.6924935459355971,-0.6885720232919877,-0.6920173719594473,-0.6917376873281604,-0.6911303859312716,-0.6913119419624962,-0.6915097371456533,-0.6926381879110196,-0.6921572492774922,-0.6910611226421505,-0.6904709673319528,-0.6916372357142184,-0.6890766362722782,-0.6842056693623064,-0.6930170765404843,-0.6894669746885315,-0.6895591852238719,-0.6890596139199714,-0.6905165865134353,-0.6877623220254989
-0.6922229843191987,-0.6922229843191987,-0.6922229843191987,-0.6922229843191987,-0.6922229843191987,-0.6922229843191987,-0.6922229843191987,-0.6922229843191986,-0.6922229843191987,-0.6922229843191987,-0.6922229843191987,-0.6922229843191987,-0.6922229843191987,-0.6922229843191987,-0.6922229843191987,-0.6922229843191986,-0.6922229843191987,-0.6922229843191986,-0.6922229843191987,-0.6922229843191987,-0.6922229843191985,-0.6922229843191986,-0.6922229843191987,-0.6922229843191988,-0.6922229843191987,-0.6922229843191988,-0.6922229843191987,-0.6922229843191987,-0.6922229843191987,-0.6922229843191987,-0.6922229843191986,-0.6922229843191986,-0.6922229843191986,-0.6922229843191987,-0.6922229843191986,-0.6922229843191986,-0.6922229843191987,-0.6922229843191987,-0.6922229843191986,-0.6922229843191987,-0.6922229843191987,-0.6922229843191987,-0.6922229843191987,-0.6931373709766026,-0.6931471805599454,-0.6931471805599453,-0.6931375033435196,-0.6931471805599453,-0.6931439332430119,-0.6931459459807537,-0.6931434206284028,-0.6931447650164441,-0.6931458682104261,-0.6931459815088344,-0.6931461943608964,-0.6931463906675728,-0.6931460912275706,-0.6931462171634436,-0.6931433243536191,-0.692682427435752,-0.6929121278788347,-0.6929146733766314,-0.6924451297698077,-0.6931461943608965,-0.6931464946869531,-0.6921837510733337,-0.6924382620392571,-0.6931471805599452,-0.6931456169661442,-0.6927698027535527,-0.6929127626795594,-0.6902752227225093,-0.6929155119196452,-0.6921615362222431,-0.6919845208928058,-0.6924380978260136,-0.6905292121183206,-0.6922937911944823,-0.6917901118103139,-0.6919355129143668,-0.691693791252001,-0.6913711558936424,-0.691111290887435,-0.6921979965778687,-0.6903598368071281,-0.6925629124248499,-0.6915287657455446,-0.6919860869410099,-0.689656357504937,-0.692214435822717,-0.690769828941719,-0.6905752665041236,-0.6881214698086648,-0.6923695672877122,-0.6873034348939993,-0.6908431709648581,-0.6883447312557689,-0.690935540442196,-0.6897367346311787,-0.690285327298064
-0.6922229843191987,-0.6922229843191987,-0.6922229843191987,-0.6922229843191986,-0.6922229843191987,-0.6922229843191987,-0.6922229843191986,-0.6922229843191986,-0.6922229843191986,-0.6922229843191987,-0.6922229843191987,-0.6922229843191987,-0.6922229843191987,-0.6922229843191987,-0.6922229843191987,-0.6922229843191987,-0.6922229843191987,-0.6922229843191986,-0.6922229843191987,-0.6922229843191987,-0.6922229843191985,-0.6922229843191986,-0.6922229843191987,-0.6922229843191986,-0.6922229843191986,-0.6922229843191987,-0.6922229843191987,-0.6922229843191987,-0.6922229843191987,-0.6922229843191987,-0.6922229843191987,-0.6922229843191987,-0.6922229843191986,-0.6922229843191987,-0.6922229843191987,-0.6922229843191987,-0.6922229843191988,-0.6922229843191987,-0.6922229843191988,-0.6922229843191987,-0.6922229843191987,-0.6922229843191987,-0.6922229843191987,-0.693060767137695,-0.6931136213706941,-0.6931471805599454,-0.693144150089934,-0.693144897383512,-0.6931471805599454,-0.6931471805599453,-0.6931455624115465,-0.6931457312663181,-0.6931459459807537,-0.693144072510864,-0.6931460767991178,-0.6931461580586434,-0.6931463754038345,-0.6931463906675728,-0.6931464125080717,-0.6931464195222931,-0.692681194833249,-0.6926823349663764,-0.692914852479832,-0.6924482823349574,-0.69291328346766,-0.6928570776106672,-0.6929116121903127,-0.6931464590569703,-0.6929086398316026,-0.6929147796007455,-0.6930319010872701,-0.6930873003312372,-0.691386418376901,-0.6910850655882571,-0.6928907958793578,-0.6906245513887077,-0.6917662861958371,-0.6916522991507879,-0.6914531453247077,-0.6922049080656515,-0.6928330318413621,-0.6900969404446831,-0.6928846523838844,-0.6903488398066138,-0.6930345148399752,-0.6911658636858324,-0.6901148571299626,-0.6923780163072457,-0.688921517299495,-0.6893117911586475,-0.6916912002545746,-0.6917984966645491,-0.6895934440817794,-0.6912661087038452,-0.6911248163119011,-0.6914847611059133,-0.6922240802412349,-0.692701718804884,-0.6872273922007014,-0.6902408331935399
-0.6922229843191986,-0.6922229843191988,-0.6922229843191987,-0.6922229843191987,-0.6922229843191987,-0.6922229843191987,-0.6922229843191987,-0.6922229843191986,-0.6922229843191986,-0.6922229843191987,-0.6922229843191987,-0.6922229843191987,-0.6922229843191987,-0.6922229843191988,-0.6922229843191987,-0.6922229843191987,-0.6922229843191986,-0.6922229843191987,-0.6922229843191987,-0.6922229843191988,-0.6922229843191986,-0.6922229843191987,-0.6922229843191986,-0.6922229843191987,-0.6922229843191987,-0.6922229843191987,-0.6922229843191987,-0.6922229843191987,-0.6922229843191987,-0.6922229843191987,-0.6922229843191987,-0.6922229843191987,-0.6922229843191986,-0.6922229843191987,-0.6922229843191987,-0.6922229843191986,-0.6922229843191988,-0.6922229843191987,-0.6922229843191986,-0.6922229843191987,-0.6922229843191988,-0.6922229843191987,-0.6923974003671203,-0.6931385350997558,-0.6931437789632545,-0.6931429065872706,-0.6931358694547898,-0.6931455932343616,-0.6931444481971156,-0.6931461052836685,-0.6931471805599454,-0.6931437702623154,-0.6931462389353502,-0.6931459640041301,-0.6931471805599452,-0.6931463169982229,-0.6929133545414945,-0.6931471805599453,-0.6931461323350054,-0.6926793589597467,-0.6931464125080716,-0.6931471805599453,-0.6931464773229781,-0.693146433173285,-0.6931465609798317,-0.692913705635439,-0.6927136617970724,-0.6931471805599453,-0.6924521193438419,-0.6928323449977728,-0.6926756418509784,-0.6929142503175053,-0.6926830382404523,-0.6926956394225141,-0.6927203211804314,-0.6921537790736856,-0.6925094907558201,-0.6928253614889917,-0.691614489973541,-0.6910887304895271,-0.691639395781637,-0.6903692516860824,-0.6895606204464014,-0.6909887190837491,-0.692306134329417,-0.6884332642847917,-0.6921948311240524,-0.6915550551518861,-0.692057950131618,-0.6928557185183126,-0.6868439090103856,-0.6892408774133214,-0.6921171434932677,-0.6910224113456727,-0.6921599492068242,-0.6919278892984895,-0.692624751201764,-0.6904558613845425,-0.6909944852325707,-0.6899440964165076
-0.6922229843191987,-0.6922229843191986,-0.6922229843191987,-0.6922229843191987,-0.6922229843191986,-0.6922229843191987,-0.6922229843191987,-0.6922229843191987,-0.6922229843191988,-0.6922229843191987,-0.6922229843191987,-0.6922229843191987,-0.6922229843191987,-0.6922229843191987,-0.6922229843191987,-0.6922229843191987,-0.6922229843191986,-0.6922229843191986,-0.6922229843191986,-0.6922229843191987,-0.6922229843191985,-0.6922229843191988,-0.6922229843191988,-0.6922229843191986,-0.6922229843191987,-0.6922229843191988,-0.6922229843191987,-0.6922229843191987,-0.6922229843191987,-0.6922229843191987,-0.6922229843191986,-0.6922229843191987,-0.6922229843191987,-0.6922229843191986,-0.6922229843191987,-0.6922229843191987,-0.6922229843191987,-0.6922229843191987,-0.6922229843191988,-0.6922229843191987,-0.6922229843191987,-0.6922229843191986,-0.6922229843191987,-0.6931471805599453,-0.6931410873826278,-0.6931433958616992,-0.6931471805599453,-0.693145779983237,-0.6931453490212505,-0.6931461580586435,-0.6931457799832369,-0.6931443483249606,-0.6931460912275706,-0.6931471805599454,-0.6931462281738098,-0.6931471805599454,-0.6931463169982229,-0.6931462597449478,-0.6931471805599453,-0.6931471805599453,-0.6931463831087367,-0.6931462281738098,-0.6931471805599452,-0.6929134724618826,-0.6924512085596266,-0.6926799541838684,-0.6926802755437739,-0.6929152003962188,-0.6928092479342821,-0.692682743575269,-0.6917341644683289,-0.6928143109474768,-0.6922336988082854,-0.6925958814536911,-0.6929029704653449,-0.6921163293584245,-0.6887736194788887,-0.6929143157416637,-0.6919330410152793,-0.6924483483737898,-0.6923759592008563,-0.6912818823506799,-0.6886861918715442,-0.6902752182901711,-0.690631082698627,-0.6923968683857111,-0.6926277421356231,-0.69182128639998,-0.6893891722419022,-0.6915875452013597,-0.692077210130309,-0.6910792739786642,-0.6916662563347264,-0.6902695825830858,-0.6866515793832668,-0.6917743819742189,-0.6923169155351221,-0.6918090907484187,-0.6897046028608294,-0.6910801485363777
-0.6922229843191987,-0.6922229843191986,-0.6922229843191987,-0.6922229843191987,-0.6922229843191988,-0.6922229843191986,-0.6922229843191987,-0.6922229843191986,-0.6922229843191987,-0.6922229843191987,-0.6922229843191987,-0.6922229843191987,-0.6922229843191987,-0.6922229843191987,-0.6922229843191988,-0.6922229843191987,-0.6922229843191987,-0.6922229843191987,-0.6922229843191987,-0.6922229843191987,-0.6922229843191985,-0.6922229843191987,-0.6922229843191986,-0.6922229843191988,-0.6922229843191986,-0.6922229843191986,-0.6922229843191987,-0.6922229843191987,-0.6922229843191987,-0.6922229843191987,-0.6922229843191986,-0.6922229843191987,-0.6922229843191987,-0.6922229843191987,-0.6922229843191987,-0.6922229843191986,-0.6922229843191988,-0.6922229843191987,-0.6922229843191988,-0.6922229843191987,-0.6922229843191987,-0.6922229843191987,-0.6922229843191987,-0.6926205099172104,-0.6931471805599453,-0.6931471805599454,-0.693142395671569,-0.6931449125489161,-0.6931455624115465,-0.6931471805599452,-0.6931471805599454,-0.6931443075649502,-0.6931445399102447,-0.6931432826864506,-0.6931446678388155,-0.6931471805599453,-0.6931471805599452,-0.6931447755266575,-0.6931463595385622,-0.6931471805599453,-0.6931471805599454,-0.6929111512137412,-0.692683617035594,-0.6931462494564056,-0.6926766530512891,-0.6926753450097767,-0.6931447385297607,-0.6931471805599453,-0.6930887595421147,-0.6929209959587908,-0.6929148719375611,-0.6919793999708672,-0.6926585607366381,-0.6929130334090652,-0.6924468419616918,-0.6925268071527216,-0.6923795999396499,-0.6922973714042232,-0.690485218762998,-0.6929557072229181,-0.6897144505009208,-0.6913014554812326,-0.6913075549182109,-0.6915236506419197,-0.692542768971925,-0.6917774320850865,-0.6901904689874071,-0.691763317183727,-0.6914763125637652,-0.6903960977093331,-0.6896448439707081,-0.690952173854814,-0.6923009479370603,-0.6900646563970512,-0.6900089686109689,-0.6915728509997993,-0.6904783643396146,-0.6916250396636817,-0.6878271008206458,-0.6887220460368723
-0.6922229843191987,-0.6922229843191988,-0.6922229843191987,-0.6922229843191987,-0.6922229843191986,-0.6922229843191986,-0.6922229843191986,-0.6922229843191987,-0.6922229843191986,-0.6922229843191987,-0.6922229843191987,-0.6922229843191987,-0.6922229843191987,-0.6922229843191987,-0.6922229843191987,-0.6922229843191987,-0.6922229843191987,-0.6922229843191987,-0.6922229843191987,-0.6922229843191986,-0.6922229843191985,-0.6922229843191986,-0.6922229843191986,-0.6922229843191986,-0.6922229843191986,-0.6922229843191988,-0.6922229843191987,-0.6922229843191987,-0.6922229843191988,-0.6922229843191987,-0.6922229843191987,-0.6922229843191987,-0.6922229843191987,-0.6922229843191987,-0.6922229843191987,-0.6922229843191986,-0.6922229843191987,-0.6922229843191987,-0.6922229843191988,-0.6922229843191988,-0.6922229843191987,-0.6922229843191987,-0.6922229843191987,-0.6928963419021984,-0.6931116605411465,-0.6931445349461984,-0.6931471805599452,-0.6931420398398842,-0.6931471805599452,-0.6931443505859618,-0.6931458682104261,-0.6931461825499889,-0.6931461189816419,-0.6931446037618556,-0.6931471805599453,-0.6931471805599454,-0.6931458885573412,-0.6931471805599454,-0.6931471805599452,-0.6931463513691283,-0.6931443825868608,-0.6931465516276349,-0.6931437978611443,-0.6931462058955205,-0.693145934677034,-0.6931463258553444,-0.6924466621353005,-0.693028334790547,-0.692915439934842,-0.6926806938038793,-0.6919722859629931,-0.6922015646529245,-0.691344214363187,-0.6906123079224075,-0.6900280569141517,-0.6910602799496748,-0.6924151411663257,-0.6906236747814997,-0.6931113646383722,-0.6925768066616819,-0.6919059790281249,-0.6920946004448623,-0.6927175865570049,-0.6921837036766232,-0.6927810923208152,-0.6921150787035164,-0.690112714003019,-0.6889975293493401,-0.689323801412249,-0.6903887339174055,-0.6918288091218923,-0.6915599891183346,-0.6912328589897443,-0.6914483590822637,-0.692131138282133,-0.6905853596968508,-0.6876611288606528,-0.6872812262092234,-0.6908747429675712,-0.6885876960313831
-0.6922229843191987,-0.6922229843191987,-0.6922229843191987,-0.6922229843191987,-0.6922229843191987,-0.6922229843191986,-0.6922229843191986,-0.6922229843191987,-0.6922229843191986,-0.6922229843191987,-0.6922229843191987,-0.6922229843191987,-0.6922229843191986,-0.6922229843191987,-0.6922229843191988,-0.6922229843191986,-0.6922229843191987,-0.6922229843191986,-0.6922229843191988,-0.6922229843191988,-0.6922229843191985,-0.6922229843191988,-0.6922229843191987,-0.6922229843191987,-0.6922229843191988,-0.6922229843191988,-0.6922229843191987,-0.6922229843191987,-0.6922229843191988,-0.6922229843191987,-0.6922229843191987,-0.6922229843191987,-0.6922229843191986,-0.6922229843191986,-0.6922229843191987,-0.6922229843191986,-0.6922229843191988,-0.6922229843191987,-0.6922229843191988,-0.6922229843191987,-0.6922229843191988,-0.6922229843191987,-0.6922229843191988,-0.6931403827533313,-0.6931436341930567,-0.6931436146169692,-0.6931387276849623,-0.6931471805599453,-0.6931471805599452,-0.6931444821430269,-0.6931458885573409,-0.6931433729208388,-0.6931471805599452,-0.6931445399102447,-0.6931459274153058,-0.6931471805599453,-0.6931471805599454,-0.6931461704527514,-0.6929104422711042,-0.6931438257241999,-0.6931465217967018,-0.6931458031337967,-0.6931463430354823,-0.692914092110494,-0.6931471805599453,-0.6928549840849828,-0.6926795405108556,-0.6931464527555944,-0.6926794987838047,-0.6928990240118732,-0.6924496610538909,-0.6925655546567182,-0.6917772904598449,-0.692504803061979,-0.6928111515960788,-0.6924029771830792,-0.6911186802964847,-0.691973876697127,-0.6925806140050702,-0.6924032450072463,-0.6922908976221172,-0.6908404489951,-0.6918061429589,-0.6922011674106401,-0.691956985739392,-0.6896565696235472,-0.687307285998415,-0.692144279045523,-0.6921253489426541,-0.6913211011930265,-0.6904274364840725,-0.6880041502244776,-0.6915369870178432,-0.6899857657952353,-0.6922028777897552,-0.6858569170800076,-0.6922288769299716,-0.6901950757142126,-0.6926622389410635,-0.6909592944781922
-0.6922229843191987,-0.6922229843191987,-0.6922229843191988,-0.6922229843191988,-0.6922229843191987,-0.6922229843191987,-0.6922229843191986,-0.6922229843191987,-0.6922229843191987,-0.6922229843191987,-0.6922229843191987,-0.6922229843191987,-0.6922229843191988,-0.6922229843191987,-0.6922229843191987,-0.6922229843191987,-0.6922229843191987,-0.6922229843191987,-0.6922229843191987,-0.6922229843191987,-0.6922229843191987,-0.6922229843191987,-0.6922229843191986,-0.6922229843191986,-0.6922229843191986,-0.6922229843191987,-0.6922229843191986,-0.6922229843191987,-0.6922229843191987,-0.6922229843191987,-0.6922229843191987,-0.6922229843191987,-0.6922229843191986,-0.6922229843191987,-0.6922229843191987,-0.6922229843191987,-0.6922229843191987,-0.6922229843191987,-0.6922229843191988,-0.6922229843191987,-0.6922229843191987,-0.6922229843191987,-0.6922229843191987,-0.6931320081056398,-0.6931471805599454,-0.6931399431440572,-0.6931454261415804,-0.6931450159969317,-0.6931471805599452,-0.6931471805599453,-0.6931403570177426,-0.6931461453566018,-0.6931462494564055,-0.6931463079556097,-0.6931440230448342,-0.6931471805599454,-0.6929161314997587,-0.6931471805599454,-0.6931464527555944,-0.6931471805599452,-0.6931463513691282,-0.6931471805599453,-0.6929133935603202,-0.6931463258553445,-0.6931471805599452,-0.6931471805599454,-0.6926764450986316,-0.6931471805599452,-0.6929147069809902,-0.691871080122091,-0.6925297517640063,-0.6914082419752854,-0.6924451363565897,-0.6917616571579706,-0.692683540726631,-0.6912495003695335,-0.6922275639163914,-0.6913060198479448,-0.6923035588475578,-0.6925666749912631,-0.6913023779279639,-0.6920142170768022,-0.6889734506662708,-0.6901842894509984,-0.6929327361049146,-0.6910251606858884,-0.6909019596128692,-0.6918870819104768,-0.6892559667323648,-0.6911168803557942,-0.6888679783836333,-0.6915734263291903,-0.6923365994839251,-0.6873260373582131,-0.69107216776081,-0.6854065849601441,-0.6862768005506258,-0.6919550983483765,-0.6912433459200128,-0.6900458980097431
-0.6922229843191988,-0.6922229843191987,-0.6922229843191987,-0.6922229843191988,-0.6922229843191987,-0.6922229843191987,-0.6922229843191987,-0.6922229843191987,-0.6922229843191987,-0.6922229843191987,-0.6922229843191987,-0.6922229843191987,-0.6922229843191988,-0.6922229843191988,-0.6922229843191988,-0.6922229843191988,-0.6922229843191987,-0.6922229843191986,-0.6922229843191987,-0.6922229843191987,-0.6922229843191987,-0.6922229843191986,-0.6922229843191988,-0.6922229843191987,-0.6922229843191986,-0.6922229843191986,-0.6922229843191987,-0.6922229843191988,-0.6922229843191986,-0.6922229843191987,-0.6922229843191987,-0.6922229843191987,-0.6922229843191987,-0.6922229843191986,-0.6922229843191987,-0.6922229843191986,-0.6922229843191987,-0.6922229843191987,-0.6922229843191988,-0.6922229843191987,-0.6922229843191988,-0.6922229843191986,-0.6922229843191987,-0.6928578412470814,-0.6931440357192484,-0.6931421292816531,-0.6931471805599452,-0.6931424097289571,-0.6931471805599453,-0.6931462698086003,-0.6931460150492803,-0.6931460912275708,-0.6931461453566017,-0.6931458472123895,-0.6931461580586435,-0.6931461323350053,-0.6931449956060906,-0.693145779983237,-0.6931464053633517,-0.6931464331732851,-0.6931471805599454,-0.6931471805599452,-0.6931463079556097,-0.6931461943608963,-0.6929124000499811,-0.6931464713379467,-0.6929147762816952,-0.6929146942672196,-0.6922551377521919,-0.6928085693044708,-0.6929149521684645,-0.6927456289278024,-0.6929149861564178,-0.6925008837615091,-0.6906774398955103,-0.6919767104264507,-0.691712450003467,-0.6917460673898552,-0.6913853679231389,-0.6911367299343676,-0.692563246531646,-0.6914948491422197,-0.6914667094705911,-0.6907557500102404,-0.6918467970203708,-0.6922828093255481,-0.692984898361351,-0.6896672390857566,-0.6917342155311501,-0.6884552028549445,-0.6879352530888407,-0.6883471847556893,-0.692473823659757,-0.6923305762357183,-0.6927192545674756,-0.6912684662050764,-0.6916300047808619,-0.6894679967955664,-0.6899754322231624,-0.687442712942588
-0.6922229843191987,-0.6922229843191987,-0.6922229843191986,-0.6922229843191986,-0.6922229843191987,-0.6922229843191987,-0.6922229843191987,-0.6922229843191987,-0.6922229843191987,-0.6922229843191987,-0.6922229843191987,-0.6922229843191987,-0.6922229843191987,-0.6922229843191987,-0.6922229843191988,-0.6922229843191987,-0.6922229843191986,-0.6922229843191986,-0.6922229843191987,-0.6922229843191987,-0.6922229843191986,-0.6922229843191986,-0.6922229843191988,-0.6922229843191987,-0.6922229843191987,-0.6922229843191986,-0.6922229843191987,-0.6922229843191987,-0.6922229843191987,-0.6922229843191988,-0.6922229843191987,-0.6922229843191987,-0.6922229843191987,-0.6922229843191987,-0.6922229843191987,-0.6922229843191987,-0.6922229843191988,-0.6922229843191987,-0.6922229843191986,-0.6922229843191986,-0.6922229843191987,-0.6922229843191987,-0.6922229843191987,-0.6930987605090593,-0.6930339145354151,-0.693145888557341,-0.6931450707989603,-0.6931455303679669,-0.6931455303679669,-0.6931455303679668,-0.69314596400413,-0.6931461189816419,-0.6931443177383936,-0.6931459459807537,-0.6931471805599453,-0.6931459459807537,-0.6931462058955206,-0.6931471805599454,-0.6931445804781203,-0.6931464889950285,-0.6931466038575257,-0.69291155691178,-0.6931465916305689,-0.69268067932048,-0.6931464195222931,-0.6929146687502729,-0.6929127661454857,-0.6924474291512505,-0.6931465419887789,-0.6926360919700173,-0.6920947671652852,-0.6926804346164396,-0.692669594316987,-0.6911331326788764,-0.6928060208881835,-0.6912228093381734,-0.69288146854968,-0.6921375872621052,-0.6923640138919063,-0.6903448434430913,-0.6919867890951148,-0.6925390677132474,-0.6925785408818963,-0.6906147612899637,-0.6914005054027477,-0.6928746446676695,-0.6912065829679241,-0.6920754312930139,-0.6914455382567484,-0.6912516538949735,-0.6877869852743961,-0.6910282316531386,-0.6906503296979767,-0.6891509898118671,-0.6855039063311532,-0.6896376280428733,-0.6883338153871713,-0.6903501240254033,-0.689014439468852,-0.6884086196353506
-0.6922229843191987,-0.6922229843191986,-0.6922229843191987,-0.6922229843191987,-0.6922229843191987,-0.6922229843191987,-0.6922229843191986,-0.6922229843191986,-0.6922229843191987,-0.6922229843191987,-0.6922229843191988,-0.6922229843191987,-0.6922229843191987,-0.6922229843191986,-0.6922229843191988,-0.6922229843191988,-0.6922229843191987,-0.6922229843191987,-0.6922229843191987,-0.6922229843191987,-0.6922229843191986,-0.6922229843191986,-0.6922229843191986,-0.6922229843191986,-0.6922229843191986,-0.6922229843191986,-0.6922229843191986,-0.6922229843191987,-0.6922229843191987,-0.6922229843191987,-0.6922229843191986,-0.6922229843191987,-0.6922229843191986,-0.6922229843191987,-0.6922229843191987,-0.6922229843191987,-0.6922229843191987,-0.6922229843191987,-0.6922229843191988,-0.6922229843191987,-0.6922229843191987,-0.6922229843191987,-0.6923974003671203,-0.6931315924819041,-0.6931384045757976,-0.6931471805599452,-0.6931471805599453,-0.6931471805599454,-0.6931471805599452,-0.6931451724792334,-0.6931444063490555,-0.6931471805599453,-0.6931456790381322,-0.6931471805599452,-0.6931459274153059,-0.693144019133677,-0.6931463258553443,-0.6931471805599452,-0.6931448488796972,-0.6931454884187532,-0.6931203676358488,-0.6929116355705496,-0.6931461580586435,-0.6931471805599453,-0.6929116874694821,-0.6929122720084038,-0.6926822536971874,-0.692682462022923,-0.6924390256415278,-0.6929154621539163,-0.6929083029915222,-0.6924501741011555,-0.6921253795055969,-0.691569100427859,-0.6929047938221311,-0.6922861763955512,-0.6925728878888473,-0.6921818668757418,-0.6911285132204875,-0.6920850800205821,-0.6918455337561056,-0.6892168259977581,-0.6921204175221475,-0.6909204875242497,-0.691959607356144,-0.6922681474211985,-0.6914267653079521,-0.6917780214780753,-0.6923155448059137,-0.6883862000514707,-0.6912239697836422,-0.6923561373899627,-0.6874471695520743,-0.6895181467018948,-0.6886601784456564,-0.6900356721058312,-0.690364773127718,-0.6904742246280684,-0.6895637172892085,-0.6882544111319727
-0.6922229843191988,-0.6922229843191988,-0.6922229843191986,-0.6922229843191987,-0.6922229843191987,-0.6922229843191987,-0.6922229843191986,-0.6922229843191987,-0.6922229843191987,-0.6922229843191987,-0.6922229843191987,-0.6922229843191987,-0.6922229843191987,-0.6922229843191988,-0.6922229843191987,-0.6922229843191987,-0.6922229843191987,-0.6922229843191986,-0.6922229843191987,-0.6922229843191987,-0.6922229843191986,-0.6922229843191986,-0.6922229843191986,-0.6922229843191986,-0.6922229843191987,-0.6922229843191986,-0.6922229843191987,-0.6922229843191987,-0.6922229843191986,-0.6922229843191986,-0.6922229843191987,-0.6922229843191987,-0.6922229843191987,-0.6922229843191987,-0.6922229843191987,-0.6922229843191986,-0.6922229843191988,-0.6922229843191987,-0.6922229843191988,-0.6922229843191988,-0.6922229843191988,-0.6922229843191987,-0.6922229843191987,-0.6929112984250229,-0.6931452648089476,-0.6931392410498487,-0.6931471805599452,-0.6931471805599452,-0.6931444258934929,-0.6931454261415804,-0.6931471805599453,-0.6931449527508811,-0.6931461943608963,-0.6931447903281239,-0.6931471805599454,-0.6931448680899768,-0.6931463430354825,-0.6931471805599453,-0.6931448580167494,-0.6931462494564055,-0.6931441291743654,-0.6929161314997585,-0.6931471805599452,-0.6931471805599453,-0.6931471805599454,-0.6931464773229782,-0.692914900193284,-0.6922646251163502,-0.6930896267326825,-0.6919198188224408,-0.6924940927623192,-0.6922047927851144,-0.6926782144592195,-0.6926226253598423,-0.6922239962748026,-0.69277963010728,-0.690748904767457,-0.6922988237918207,-0.6922340582154117,-0.6930959941774397,-0.6926326192857869,-0.6924393091390736,-0.6928960863014869,-0.6928339151218363,-0.6897145674285653,-0.692283742574894,-0.6911783363796827,-0.6921901554194986,-0.6897884375747139,-0.6890649424586485,-0.6923953666740206,-0.6908616729984763,-0.6911706178465398,-0.6917506099625429,-0.6878719865985147,-0.689691171233051,-0.6885649933479467,-0.6913125130248313,-0.6915479485029976,-0.6891538589452307
-0.6922229843191987,-0.6922229843191987,-0.6922229843191987,-0.6922229843191987,-0.6922229843191987,-0.6922229843191986,-0.6922229843191986,-0.6922229843191987,-0.6922229843191987,-0.6922229843191987,-0.6922229843191988,-0.6922229843191987,-0.6922229843191987,-0.6922229843191988,-0.6922229843191988,-0.6922229843191987,-0.6922229843191987,-0.6922229843191987,-0.6922229843191987,-0.6922229843191987,-0.6922229843191987,-0.6922229843191986,-0.6922229843191987,-0.6922229843191987,-0.6922229843191986,-0.6922229843191986,-0.6922229843191987,-0.6922229843191987,-0.6922229843191987,-0.6922229843191987,-0.6922229843191986,-0.6922229843191986,-0.6922229843191986,-0.6922229843191987,-0.6922229843191987,-0.6922229843191987,-0.6922229843191987,-0.6922229843191987,-0.6922229843191986,-0.6922229843191987,-0.6922229843191988,-0.6922229843191987,-0.6922229843191987,-0.6928585110565599,-0.6931419188962753,-0.6931450707989604,-0.6931453078613645,-0.6931471805599454,-0.693145868210426,-0.6931471805599454,-0.6931416111357674,-0.6931394486533324,-0.6931451228945046,-0.6931458472123894,-0.6931471805599454,-0.6929111236616428,-0.6931471805599452,-0.6931462494564055,-0.6931465700579694,-0.6931471805599453,-0.692911760853344,-0.6931451330863644,-0.6931464713379467,-0.6931471805599453,-0.6924429318049155,-0.6926836818505004,-0.6919555729437901,-0.6925813246604335,-0.6919741752513311,-0.6930130951038469,-0.6924505755878686,-0.6926801111155156,-0.6926577162390469,-0.6922341700783827,-0.6929318467927891,-0.6922007898284931,-0.6928769078852224,-0.6925835290891965,-0.6923689243502809,-0.6916409645495588,-0.6923666558365205,-0.6915474304145361,-0.6920286163025546,-0.6914793955176936,-0.6903429400516921,-0.6918259821828731,-0.6896877158547958,-0.6916768431290502,-0.6907589780778342,-0.6908217178282028,-0.6930533713791087,-0.6904208562708277,-0.6872989795444948,-0.6915255998993637,-0.6863920612512621,-0.6867496999993175,-0.6899459221380901,-0.6889108826423747,-0.6875998080885222,-0.6892926382919267
-0.6922229843191987,-0.6922229843191986,-0.6922229843191987,-0.6922229843191987,-0.6922229843191987,-0.6922229843191987,-0.6922229843191986,-0.6922229843191987,-0.6922229843191987,-0.6922229843191987,-0.6922229843191987,-0.6922229843191987,-0.6922229843191987,-0.6922229843191987,-0.6922229843191987,-0.6922229843191986,-0.6922229843191987,-0.6922229843191986,-0.6922229843191987,-0.6922229843191987,-0.6922229843191986,-0.6922229843191986,-0.6922229843191987,-0.6922229843191986,-0.6922229843191987,-0.6922229843191987,-0.6922229843191987,-0.6922229843191987,-0.6922229843191987,-0.6922229843191987,-0.6922229843191987,-0.6922229843191987,-0.6922229843191987,-0.6922229843191987,-0.6922229843191987,-0.6922229843191986,-0.6922229843191988,-0.6922229843191987,-0.6922229843191988,-0.6922229843191987,-0.6922229843191987,-0.6922229843191987,-0.6922229843191987,-0.6930805253090798,-0.6931431151161611,-0.6931452197303976,-0.6931471805599452,-0.6931431550479628,-0.6931451724792332,-0.6931458031337967,-0.6931461580586437,-0.6931471805599454,-0.693143235943006,-0.6931445557035422,-0.6931462597449477,-0.6931463258553443,-0.6931460311255462,-0.6931462698086003,-0.6931471805599454,-0.6931463513691282,-0.6931443476979111,-0.6931465419887789,-0.6931455746907295,-0.6931463980844575,-0.6929145486537515,-0.6929155341269146,-0.6924481252763602,-0.692635543842986,-0.6925927903463455,-0.6926455704646794,-0.6930139442976875,-0.6918275947729045,-0.6924466678476573,-0.6926837700799218,-0.6917199652532748,-0.6915008450036516,-0.691922096601808,-0.6929195501994789,-0.6926548993011288,-0.692766827281346,-0.6909753896093475,-0.6927281415299368,-0.6923663747915733,-0.6911885275623237,-0.6923942922771348,-0.6923385888543047,-0.6930802708503645,-0.6903785067426933,-0.6876615920940533,-0.692708395329362,-0.6916463843083154,-0.6905510541719686,-0.6908682549333073,-0.6920993185817106,-0.6883373041732046,-0.6915821468417883,-0.6899577328927372,-0.6893594065993742,-0.6888388302067,-0.6910918105897048
-0.6922229843191987,-0.6922229843191986,-0.6922229843191987,-0.6922229843191987,-0.6922229843191987,-0.6922229843191987,-0.6922229843191986,-0.6922229843191986,-0.6922229843191987,-0.6922229843191987,-0.6922229843191987,-0.6922229843191987,-0.6922229843191986,-0.6922229843191987,-0.6922229843191988,-0.6922229843191986,-0.6922229843191987,-0.6922229843191988,-0.6922229843191986,-0.6922229843191987,-0.6922229843191987,-0.6922229843191986,-0.6922229843191986,-0.6922229843191986,-0.6922229843191987,-0.6922229843191989,-0.6922229843191987,-0.6922229843191987,-0.6922229843191987,-0.6922229843191987,-0.6922229843191986,-0.6922229843191987,-0.6922229843191986,-0.6922229843191987,-0.6922229843191987,-0.6922229843191987,-0.6922229843191987,-0.6922229843191987,-0.6922229843191986,-0.6922229843191986,-0.6922229843191987,-0.6922229843191987,-0.6922229843191987,-0.6931307013605306,-0.6931471805599453,-0.6931442290639905,-0.6931471805599453,-0.6931445561800406,-0.6931471805599453,-0.6931459082829577,-0.6931426129896274,-0.693141991891983,-0.6931471805599452,-0.6931432584233688,-0.6931471805599454,-0.6931458885573412,-0.6931462597449477,-0.6931460767991178,-0.6931448352261791,-0.6929132215096915,-0.6931463831087369,-0.6931464527555943,-0.6931471805599453,-0.693145059366524,-0.6931466268490707,-0.6929137081218281,-0.6928577290673845,-0.6931466739735522,-0.6924420236746296,-0.6929147872133802,-0.6931471805599454,-0.6929139687112321,-0.6927041292981377,-0.6919807115592321,-0.6912949288635871,-0.692778080338414,-0.6925097351390804,-0.6894097448409496,-0.6928756200025901,-0.6926897157213769,-0.6926314513372641,-0.6923223617594386,-0.6928768526396178,-0.6904696590353478,-0.6890692265375553,-0.6879261861510602,-0.692456535470619,-0.6896660585369285,-0.6919958326186023,-0.6899316736738682,-0.6893213634711743,-0.6922715670635522,-0.6890817522710324,-0.6925711802473522,-0.6896493145118086,-0.6914183765060242,-0.6893595439410954,-0.6904420219480466,-0.6923705342487291,-0.6913284030073645
-0.6922229843191987,-0.6922229843191987,-0.6922229843191987,-0.6922229843191987,-0.6922229843191987,-0.6922229843191987,-0.6922229843191987,-0.6922229843191987,-0.6922229843191987,-0.6922229843191988,-0.6922229843191987,-0.6922229843191987,-0.6922229843191988,-0.6922229843191988,-0.6922229843191987,-0.6922229843191987,-0.6922229843191987,-0.6922229843191986,-0.6922229843191987,-0.6922229843191987,-0.6922229843191985,-0.6922229843191986,-0.6922229843191987,-0.6922229843191988,-0.6922229843191986,-0.6922229843191986,-0.6922229843191986,-0.6922229843191988,-0.6922229843191987,-0.6922229843191987,-0.6922229843191986,-0.6922229843191986,-0.6922229843191987,-0.6922229843191987,-0.6922229843191987,-0.6922229843191987,-0.6922229843191988,-0.6922229843191987,-0.6922229843191988,-0.6922229843191987,-0.6922229843191988,-0.6922229843191987,-0.6922229843191987,-0.6928322057137972,-0.693144833064488,-0.6931418032830492,-0.6931445349461982,-0.6931441500899341,-0.6931447332207294,-0.6931471805599453,-0.6931456229048707,-0.6931471805599453,-0.6931471805599454,-0.6931471805599454,-0.6931460912275706,-0.6931437034381406,-0.6931450930138325,-0.6931471805599452,-0.6931464527555943,-0.6931471805599454,-0.6931463980844573,-0.6929146796784287,-0.6926795978734942,-0.6931471805599454,-0.6931464398167658,-0.6928703262861813,-0.6931464946869531,-0.6931464652501671,-0.6917928677808032,-0.6917290494375639,-0.6926611255889723,-0.6931465700579693,-0.6922063463903189,-0.6926982891696114,-0.6926819890169781,-0.6929126135524615,-0.6930592093770626,-0.6926092095533023,-0.6888303500977163,-0.6925630093759625,-0.6923035131291064,-0.6903464540533859,-0.6927054536917839,-0.6909290722250104,-0.6929467710148148,-0.6905993670992714,-0.6925401609146417,-0.6924350409252298,-0.6873715569696335,-0.6905031801426481,-0.6897414199797165,-0.6905823863655405,-0.6920079755698582,-0.6919424726966765,-0.6920494321157308,-0.6902204806603609,-0.6897395289348647,-0.6888257971161688,-0.6908801122336397,-0.6850042414335287
-0.6922229843191988,-0.6922229843191986,-0.6922229843191987,-0.6922229843191986,-0.6922229843191988,-0.6922229843191987,-0.6922229843191987,-0.6922229843191987,-0.6922229843191986,-0.6922229843191987,-0.6922229843191987,-0.6922229843191987,-0.6922229843191987,-0.6922229843191987,-0.6922229843191987,-0.6922229843191987,-0.6922229843191988,-0.6922229843191987,-0.6922229843191987,-0.6922229843191987,-0.6922229843191985,-0.6922229843191986,-0.6922229843191987,-0.6922229843191986,-0.6922229843191988,-0.6922229843191988,-0.6922229843191986,-0.6922229843191987,-0.6922229843191988,-0.6922229843191986,-0.6922229843191986,-0.6922229843191987,-0.6922229843191987,-0.6922229843191987,-0.6922229843191985,-0.6922229843191986,-0.6922229843191987,-0.6922229843191987,-0.6922229843191988,-0.6922229843191986,-0.6922229843191986,-0.6922229843191987,-0.6926132769730016,-0.6926179640610697,-0.6931373709766027,-0.6931471805599452,-0.6931426560478846,-0.6931420694118583,-0.6931471805599454,-0.6931471805599454,-0.6931471805599453,-0.6931446651693831,-0.6931471805599453,-0.6931471805599454,-0.6931445877015272,-0.6931445477256797,-0.6931471805599454,-0.6931460619833151,-0.6931439417946429,-0.6931449987641345,-0.6931462171634436,-0.6931462494564056,-0.6931464652501671,-0.6929155341269144,-0.6931463345326233,-0.693146619391657,-0.6929147909920361,-0.6926819217162723,-0.6926797396823774,-0.6931272310265046,-0.6926834277402065,-0.6925845811392098,-0.6928415684059784,-0.693089217411597,-0.6914850798323151,-0.6893930691979135,-0.6923318915868729,-0.692062380257155,-0.6927625501463544,-0.6901351520232445,-0.6901364854303236,-0.6899589417314946,-0.6920599313970675,-0.6918480240223227,-0.6928660889162003,-0.6925212139362558,-0.6899306906026139,-0.6901624020340588,-0.6925550658250419,-0.6914170824069561,-0.690916297159114,-0.6885753538098667,-0.6911077275943766,-0.6929788937697425,-0.6902155931177253,-0.6908212232527087,-0.691103362970466,-0.690961523107753,-0.6921347856233857,-0.6912551997958294
-0.6922229843191988,-0.6922229843191987,-0.6922229843191987,-0.6922229843191987,-0.6922229843191987,-0.6922229843191986,-0.6922229843191987,-0.6922229843191987,-0.6922229843191987,-0.6922229843191987,-0.6922229843191987,-0.6922229843191987,-0.6922229843191987,-0.6922229843191987,-0.6922229843191987,-0.6922229843191987,-0.6922229843191987,-0.6922229843191986,-0.6922229843191986,-0.6922229843191987,-0.6922229843191986,-0.6922229843191988,-0.6922229843191988,-0.6922229843191987,-0.6922229843191987,-0.6922229843191987,-0.6922229843191986,-0.6922229843191987,-0.6922229843191986,-0.6922229843191987,-0.6922229843191987,-0.6922229843191987,-0.6922229843191988,-0.6922229843191986,-0.6922229843191987,-0.6922229843191986,-0.6922229843191987,-0.6922229843191987,-0.6922229843191988,-0.6922229843191987,-0.6922229843191986,-0.6922229843191987,-0.6922229843191987,-0.6928821666671472,-0.6931471805599452,-0.6931445349461983,-0.6931452648089476,-0.6931450707989604,-0.6931356527331073,-0.6931456514865073,-0.6931471805599453,-0.6931471805599452,-0.6931458472123895,-0.6931461453566017,-0.6931442737449738,-0.6931471805599453,-0.6931471805599453,-0.6931471805599453,-0.6931471805599452,-0.6931471805599452,-0.6929140264858,-0.6931444531567637,-0.6931471805599452,-0.6931471805599454,-0.6924489572538177,-0.6929148018272029,-0.6931451452574698,-0.6924261544010023,-0.6931450644938151,-0.6927430657360016,-0.6924471610221826,-0.692953817182263,-0.692914772321851,-0.6924180268887431,-0.6901000063233657,-0.6923001319675148,-0.6917109176864733,-0.6924506565931219,-0.6906628092821571,-0.6931274673392404,-0.6911699436685874,-0.6910991486119353,-0.6895555801690154,-0.6919871130932992,-0.6909435218024669,-0.6924714311964181,-0.6914767188639886,-0.6921711435077812,-0.6923888219017538,-0.6927435238771712,-0.688657569357711,-0.6898563071366717,-0.6896898427799673,-0.692206800775548,-0.6890614293635721,-0.6921407901538896,-0.6867605952347431,-0.688440808800831,-0.6900539931723456,-0.6922148893764736
-0.6922229843191987,-0.6922229843191987,-0.6922229843191986,-0.6922229843191987,-0.6922229843191987,-0.6922229843191986,-0.6922229843191987,-0.6922229843191986,-0.6922229843191987,-0.6922229843191987,-0.6922229843191987,-0.6922229843191987,-0.6922229843191987,-0.6922229843191987,-0.6922229843191987,-0.6922229843191987,-0.6922229843191987,-0.6922229843191986,-0.6922229843191988,-0.6922229843191987,-0.6922229843191986,-0.6922229843191987,-0.6922229843191987,-0.6922229843191987,-0.6922229843191987,-0.6922229843191987,-0.6922229843191986,-0.6922229843191987,-0.6922229843191987,-0.6922229843191987,-0.6922229843191987,-0.6922229843191987,-0.6922229843191986,-0.6922229843191986,-0.6922229843191987,-0.6922229843191987,-0.6922229843191987,-0.6922229843191987,-0.6922229843191988,-0.6922229843191987,-0.6922229843191987,-0.6922229843191987,-0.6922229843191986,-0.6931375163548616,-0.6931323196983104,-0.6931405022560958,-0.6931444481971156,-0.6931455932343616,-0.6931420961890985,-0.6931471805599452,-0.6931471805599453,-0.6931436639700882,-0.6931460150492803,-0.6931434730138396,-0.6931410810567133,-0.6931437293036603,-0.6931445106585612,-0.6931471805599454,-0.6931462494564056,-0.6931463079556097,-0.6931471805599453,-0.6931471805599454,-0.6931471805599454,-0.6929135400758201,-0.6929155467032372,-0.6931463513691283,-0.6931471805599452,-0.6931464053633518,-0.6929138054380152,-0.6926071447783951,-0.6922101538190751,-0.6922783603142237,-0.6926881677392486,-0.6928486708430239,-0.6912247128483933,-0.6924343679025686,-0.6928575353610532,-0.6912100072275058,-0.6907127134909867,-0.6922018335000772,-0.6904850582726372,-0.6925523103684461,-0.6928683737829423,-0.6919210785210556,-0.6929416608740308,-0.6915050628378002,-0.6917989361424974,-0.6909825421398592,-0.6917459442822886,-0.6910527141732151,-0.6901379181764079,-0.6815284900932346,-0.6853354172858703,-0.6925412683883574,-0.6860343805569435,-0.6891635124857902,-0.6930949568116728,-0.692044014201831,-0.6907049398718667,-0.6910690501550332
-0.6922229843191988,-0.6922229843191986,-0.6922229843191986,-0.6922229843191988,-0.6922229843191987,-0.6922229843191987,-0.6922229843191987,-0.6922229843191987,-0.6922229843191986,-0.6922229843191986,-0.6922229843191987,-0.6922229843191987,-0.6922229843191986,-0.6922229843191988,-0.6922229843191987,-0.6922229843191987,-0.6922229843191987,-0.6922229843191987,-0.6922229843191986,-0.6922229843191988,-0.6922229843191985,-0.6922229843191986,-0.6922229843191986,-0.6922229843191987,-0.6922229843191987,-0.6922229843191988,-0.6922229843191987,-0.6922229843191987,-0.6922229843191987,-0.6922229843191987,-0.6922229843191987,-0.6922229843191987,-0.6922229843191988,-0.6922229843191987,-0.6922229843191987,-0.6922229843191987,-0.6922229843191987,-0.6922229843191987,-0.6922229843191988,-0.6922229843191987,-0.6922229843191987,-0.6922229843191987,-0.6922229843191988,-0.6928931510636576,-0.6931471805599453,-0.6931442564333249,-0.6931471805599454,-0.693145530367967,-0.6931446163562235,-0.6931458031337967,-0.6931460619833151,-0.6931471805599453,-0.6931471805599452,-0.6931463345326234,-0.6931471805599453,-0.6931471805599453,-0.6931455139264764,-0.6931461323350052,-0.6931471805599452,-0.6931462892901002,-0.6931463258553443,-0.6931449669718825,-0.6931464398167657,-0.6931457148345477,-0.6931471805599452,-0.6930866407541061,-0.6929147279371511,-0.6926802271760744,-0.6929146428570694,-0.6912107671729367,-0.6931464590569703,-0.6929148415564922,-0.6922810007003884,-0.6919247319933257,-0.6928561791868603,-0.6919245474272964,-0.6920952355276706,-0.6925908931741163,-0.6931216393593888,-0.6921221855839877,-0.6914506673391121,-0.691774062539126,-0.6928666053415012,-0.6850744923853136,-0.692668421253414,-0.6880263192496258,-0.691601255238143,-0.6911771114631976,-0.6930070904949559,-0.6906521025292924,-0.68987904500602,-0.6924422050631265,-0.692184237267303,-0.6915357468843618,-0.6917138753860224,-0.6917515999038762,-0.6915870856026178,-0.6904288188625237,-0.6881469353668623,-0.6911914847030473
-0.6922229843191987,-0.6922229843191987,-0.6922229843191988,-0.6922229843191987,-0.6922229843191987,-0.6922229843191987,-0.6922229843191986,-0.6922229843191987,-0.6922229843191987,-0.6922229843191987,-0.6922229843191987,-0.6922229843191987,-0.6922229843191987,-0.6922229843191986,-0.6922229843191987,-0.6922229843191987,-0.6922229843191986,-0.6922229843191986,-0.6922229843191988,-0.6922229843191986,-0.6922229843191985,-0.6922229843191987,-0.6922229843191987,-0.6922229843191987,-0.6922229843191987,-0.6922229843191988,-0.6922229843191987,-0.6922229843191987,-0.6922229843191987,-0.6922229843191987,-0.6922229843191986,-0.6922229843191987,-0.6922229843191987,-0.6922229843191987,-0.6922229843191987,-0.6922229843191986,-0.6922229843191987,-0.6922229843191987,-0.6922229843191986,-0.6922229843191987,-0.6922229843191987,-0.6922229843191988,-0.6922229843191987,-0.6928696180670809,-0.6931307025310195,-0.6931442564333248,-0.6931453884107142,-0.6931457312663182,-0.6931448330644878,-0.6931457056144396,-0.6931460150492803,-0.6931471805599454,-0.6931457560411767,-0.6931430432164022,-0.6931471805599453,-0.6931449632144444,-0.6931471805599454,-0.6931457799832371,-0.693146118981642,-0.6931462281738098,-0.6931440789141015,-0.6931471805599453,-0.693143873871569,-0.692450456515188,-0.692912041974986,-0.692911855972993,-0.6927368216511132,-0.6929456527319303,-0.6931465609798317,-0.6929141592231567,-0.6919716125577466,-0.6928182829979556,-0.6925193033938559,-0.6917431851628855,-0.6928207127309255,-0.6923223816678115,-0.693122424460208,-0.690612137382504,-0.6927234865914929,-0.6923514451843699,-0.6910133064219115,-0.6906324286450611,-0.6924756990197711,-0.6906165291079437,-0.6911543786964613,-0.6921015545314748,-0.6889340898252303,-0.6920679380213139,-0.69036608312894,-0.6918760937446088,-0.6902861790220298,-0.6917004588008404,-0.6908078485012799,-0.6902409962477941,-0.6909148921940023,-0.68998952321188,-0.6903852308183339,-0.6915138044392983,-0.6924122092362134,-0.6911948715063346
-0.6922229843191987,-0.6922229843191988,-0.6922229843191986,-0.6922229843191987,-0.6922229843191987,-0.6922229843191987,-0.6922229843191987,-0.6922229843191986,-0.6922229843191987,-0.6922229843191987,-0.6922229843191987,-0.6922229843191988,-0.6922229843191987,-0.6922229843191987,-0.6922229843191987,-0.6922229843191987,-0.6922229843191986,-0.6922229843191986,-0.6922229843191987,-0.6922229843191987,-0.6922229843191985,-0.6922229843191986,-0.6922229843191986,-0.6922229843191986,-0.6922229843191986,-0.6922229843191986,-0.6922229843191987,-0.6922229843191987,-0.6922229843191987,-0.6922229843191987,-0.6922229843191986,-0.6922229843191987,-0.6922229843191986,-0.6922229843191987,-0.6922229843191988,-0.6922229843191986,-0.6922229843191988,-0.6922229843191987,-0.6922229843191986,-0.6922229843191987,-0.6922229843191987,-0.6922229843191986,-0.6928161297148998,-0.6928441051585883,-0.6931434765513497,-0.6931368255063474,-0.69314546231645,-0.6931471805599454,-0.6931441849853979,-0.6931442990783396,-0.6931406799880259,-0.6931424998121882,-0.6931432212299813,-0.6931421644907768,-0.6931461052836685,-0.6931421924365255,-0.6931471805599454,-0.6931431900552565,-0.6931463513691283,-0.693146465250167,-0.6931464946869531,-0.6931437524707105,-0.6931471805599454,-0.693144654193949,-0.6931463831087368,-0.6929145826740247,-0.6931471805599454,-0.6926793853996888,-0.6930060124250272,-0.6927012798652394,-0.6929139381122332,-0.6931466268490706,-0.6920979701679922,-0.6929132149803139,-0.693054279703569,-0.6925933842258312,-0.6892903284841032,-0.6926094754974772,-0.690126561348658,-0.6927112121444798,-0.6930743678840124,-0.6923790455411457,-0.6911269645557142,-0.6918862824144524,-0.6920942310946087,-0.6911140872586101,-0.6894590579738591,-0.6917889684779158,-0.692718666473918,-0.6899087961510707,-0.6923694866684333,-0.6914830286236126,-0.6903273604329969,-0.6897578366431149,-0.6896182355493327,-0.6910383943276794,-0.6924508918352452,-0.689027053795947,-0.6920633985981907,-0.6918798734625423
-0.6922229843191987,-0.6922229843191987,-0.6922229843191987,-0.6922229843191987,-0.6922229843191988,-0.6922229843191986,-0.6922229843191986,-0.6922229843191986,-0.6922229843191987,-0.6922229843191987,-0.6922229843191987,-0.6922229843191986,-0.6922229843191987,-0.6922229843191987,-0.6922229843191987,-0.6922229843191987,-0.6922229843191988,-0.6922229843191987,-0.6922229843191987,-0.6922229843191988,-0.6922229843191986,-0.6922229843191987,-0.6922229843191986,-0.6922229843191986,-0.6922229843191987,-0.6922229843191988,-0.6922229843191987,-0.6922229843191987,-0.6922229843191987,-0.6922229843191986,-0.6922229843191987,-0.6922229843191988,-0.6922229843191987,-0.6922229843191987,-0.6922229843191987,-0.6922229843191986,-0.6922229843191987,-0.6922229843191987,-0.6922229843191986,-0.6922229843191988,-0.6922229843191987,-0.6922229843191987,-0.6922229843191987,-0.6931031910844139,-0.6931448330644878,-0.6931445349461984,-0.6931455932343615,-0.6931471805599453,-0.6931452197303974,-0.6931456790381324,-0.6931459815088346,-0.6931457560411767,-0.6931471805599453,-0.6931461052836686,-0.6931459274153059,-0.6931418313109938,-0.6931449013365757,-0.6931462281738098,-0.6931471805599452,-0.6929142522750116,-0.6931461052836687,-0.6929126086913194,-0.6931463906675728,-0.6931463980844573,-0.6926761215573454,-0.6931466193916572,-0.6927368597451176,-0.6927792696624832,-0.6924410306417577,-0.6926230906630746,-0.6931471805599454,-0.6931446995784241,-0.6909420431153814,-0.692441350609061,-0.6921726165172581,-0.6907108325366558,-0.6928619747270647,-0.6917831312425169,-0.692647744973148,-0.6925967961021019,-0.6920823621996218,-0.6920459369815551,-0.6926767310324309,-0.6922075364019948,-0.6923821796543419,-0.6911847574066625,-0.6921919702211078,-0.6903864638243052,-0.6914631961010665,-0.6927777590020109,-0.6921151701195074,-0.6921333216115741,-0.6903994444703636,-0.6893801367657999,-0.6923122706363262,-0.691541179149705,-0.6886490352015643,-0.6908261972100366,-0.6898590517857548,-0.6899488892691998
-0.6922229843191987,-0.6922229843191987,-0.6922229843191987,-0.6922229843191987,-0.6922229843191987,-0.6922229843191987,-0.6922229843191987,-0.6922229843191986,-0.6922229843191987,-0.6922229843191987,-0.6922229843191988,-0.6922229843191987,-0.6922229843191987,-0.6922229843191987,-0.6922229843191987,-0.6922229843191986,-0.6922229843191988,-0.6922229843191986,-0.6922229843191988,-0.6922229843191987,-0.6922229843191985,-0.6922229843191986,-0.6922229843191988,-0.6922229843191987,-0.6922229843191987,-0.6922229843191987,-0.6922229843191987,-0.6922229843191987,-0.6922229843191988,-0.6922229843191987,-0.6922229843191987,-0.6922229843191987,-0.6922229843191987,-0.6922229843191987,-0.6922229843191987,-0.6922229843191987,-0.6922229843191988,-0.6922229843191987,-0.6922229843191988,-0.6922229843191987,-0.6922229843191987,-0.6922229843191987,-0.6924429140231547,-0.693136500843903,-0.6931471805599454,-0.6931471805599452,-0.6931471805599453,-0.6931458682104262,-0.6931461052836686,-0.6931444481971155,-0.6931462698086003,-0.6931441669782441,-0.6931436251065246,-0.6931463430354825,-0.6931461453566017,-0.6931471805599452,-0.6931461323350053,-0.6931433003670068,-0.6931460767991177,-0.6931471805599453,-0.6931463906675729,-0.6931464713379467,-0.6931471805599454,-0.6929127076638091,-0.6931451429827471,-0.6929148531564016,-0.6927375124161863,-0.6929146822061314,-0.6913460185302519,-0.6923833527121047,-0.6926740779982824,-0.6926816491340071,-0.6929128065591442,-0.6915400329680311,-0.691784059906874,-0.6915035305650865,-0.6930533874196874,-0.6928793310872915,-0.6926805602574793,-0.6918737392101149,-0.6914765366366603,-0.6922821029268602,-0.6892924871683908,-0.6919624055141389,-0.6918568973902373,-0.6906715630969076,-0.69025341486483,-0.6906684105209324,-0.6911242249992753,-0.6919955974951678,-0.6914022233208891,-0.6882712102075255,-0.6909716117232332,-0.692292823141531,-0.6896154280039513,-0.6893639793753178,-0.6900636380435096,-0.6877991423838526,-0.6857008425641749,-0.692791480498021
-0.6922229843191987,-0.6922229843191987,-0.6922229843191987,-0.6922229843191986,-0.6922229843191987,-0.6922229843191987,-0.6922229843191986,-0.6922229843191986,-0.6922229843191987,-0.6922229843191987,-0.6922229843191987,-0.6922229843191987,-0.6922229843191987,-0.6922229843191987,-0.6922229843191987,-0.6922229843191986,-0.6922229843191987,-0.6922229843191986,-0.6922229843191987,-0.6922229843191987,-0.6922229843191986,-0.6922229843191986,-0.6922229843191988,-0.6922229843191987,-0.6922229843191987,-0.6922229843191988,-0.6922229843191987,-0.6922229843191988,-0.6922229843191988,-0.6922229843191987,-0.6922229843191987,-0.6922229843191987,-0.6922229843191986,-0.6922229843191987,-0.6922229843191987,-0.6922229843191987,-0.6922229843191987,-0.6922229843191987,-0.6922229843191987,-0.6922229843191987,-0.6922229843191987,-0.6922229843191987,-0.6922229843191987,-0.6925948902380558,-0.6931471805599454,-0.6931471805599452,-0.6931471805599452,-0.6931448330644879,-0.6931471805599453,-0.6931471805599453,-0.6931450707989604,-0.6931471805599454,-0.6931471805599453,-0.6931461943608964,-0.6931461323350053,-0.6931463754038345,-0.6931462597449478,-0.6931471805599453,-0.6931463675485908,-0.6931463831087367,-0.6931452969087806,-0.6931461323350055,-0.6931471805599454,-0.6931464125080717,-0.6931462494564056,-0.6931471805599454,-0.6931471805599452,-0.6919629266181205,-0.6926816782737768,-0.6931465516276352,-0.6930893655046739,-0.6929171626075331,-0.6931465957634239,-0.6929135555642107,-0.6931466268490706,-0.6926793082529696,-0.6922201527523892,-0.6921929977350016,-0.691492010090184,-0.6925011833723012,-0.6908306551055354,-0.6898186310362346,-0.6925318168924242,-0.6912895412909622,-0.6926716460641424,-0.692208431565329,-0.6924296685394121,-0.69218279014935,-0.6913486700986089,-0.6914933130403007,-0.6926285389151735,-0.6898180159961914,-0.6928433771161947,-0.6869663672973564,-0.6912585171977625,-0.6921744620459592,-0.6923999779878274,-0.691691386589698,-0.6902251710327516,-0.6898535127935902
